order_ref,brand,district,temp_requirement,order_volume_m3,deferred_yesterday,days_since_last_served,decision,policy
S1-000,Fresh,Colombo,ambient,0.5,0,1,served,Fresh-first
S1-001,Fresh,Colombo,chilled,2.445,0,2,served,Fresh-first
S1-002,Fresh,Colombo,ambient,0.666,0,2,served,Fresh-first
S1-003,Fresh,Colombo,chilled,1.843,0,1,served,Fresh-first
S1-004,Fresh,Colombo,ambient,0.87,0,1,served,Fresh-first
S1-005,Fresh,Colombo,chilled,1.725,0,2,served,Fresh-first
S1-006,Fresh,Colombo,ambient,1.686,0,1,served,Fresh-first
S1-007,Fresh,Colombo,chilled,2.925,0,1,served,Fresh-first
S1-008,Fresh,Colombo,ambient,3.631,0,1,served,Fresh-first
S1-009,Fresh,Colombo,chilled,10.09,0,2,served,Fresh-first
S1-010,Fresh,Colombo,ambient,4.373,0,2,served,Fresh-first
S1-011,Fresh,Colombo,ambient,5.697,0,1,served,Fresh-first
S1-012,Fresh,Colombo,chilled,11.722,0,2,served,Fresh-first
S1-013,Fresh,Colombo,ambient,2.18,0,1,served,Fresh-first
S1-014,Fresh,Colombo,chilled,4.003,0,1,served,Fresh-first
S1-015,Fresh,Colombo,ambient,1.995,0,1,served,Fresh-first
S1-016,Fresh,Colombo,chilled,6.944,0,1,served,Fresh-first
S1-017,Fresh,Colombo,ambient,2.59,0,2,served,Fresh-first
S1-018,Fresh,Colombo,ambient,2.638,0,2,served,Fresh-first
S1-019,Fresh,Colombo,ambient,2.479,0,2,served,Fresh-first
S1-020,Fresh,Colombo,ambient,6.274,1,2,served,Fresh-first
S1-021,Fresh,Colombo,chilled,9.898,0,1,served,Fresh-first
S1-022,Fresh,Colombo,ambient,1.899,0,2,served,Fresh-first
S1-023,Tech,Colombo,ambient,5.39,1,5,served,Fresh-first
S1-024,Tech,Colombo,ambient,2.741,0,1,served,Fresh-first
S1-025,Tech,Colombo,ambient,4.653,1,5,served,Fresh-first
S1-026,Fresh,Gampaha,ambient,1.473,0,2,served,Fresh-first
S1-027,Fresh,Gampaha,ambient,2.304,0,1,served,Fresh-first
S1-028,Fresh,Gampaha,chilled,6.368,0,2,served,Fresh-first
S1-029,Fresh,Gampaha,ambient,1.994,0,2,served,Fresh-first
S1-030,Fresh,Gampaha,ambient,2.831,0,2,served,Fresh-first
S1-031,Fresh,Gampaha,chilled,6.883,0,2,served,Fresh-first
S1-032,Fresh,Gampaha,ambient,3.015,0,2,served,Fresh-first
S1-033,Fresh,Gampaha,chilled,6.227,0,1,served,Fresh-first
S1-034,Fresh,Gampaha,ambient,2.759,0,1,served,Fresh-first
S1-035,Fresh,Gampaha,chilled,7.427,0,2,served,Fresh-first
S1-036,Fresh,Gampaha,ambient,6.652,0,2,served,Fresh-first
S1-037,Fresh,Gampaha,ambient,4.652,0,1,served,Fresh-first
S1-038,Fresh,Gampaha,chilled,14.41,1,2,served,Fresh-first
S1-039,Fresh,Gampaha,ambient,3.502,0,1,served,Fresh-first
S1-040,Fresh,Gampaha,ambient,3.378,0,1,served,Fresh-first
S1-041,Fresh,Gampaha,chilled,6.742,1,2,served,Fresh-first
S1-042,Fresh,Kalutara,ambient,3.427,0,1,served,Fresh-first
S1-043,Fresh,Kalutara,ambient,2.13,0,1,served,Fresh-first
S1-044,Fresh,Kalutara,ambient,5.225,0,1,served,Fresh-first
S1-045,Fresh,Kalutara,ambient,1.332,1,3,served,Fresh-first
S1-046,Fresh,Kalutara,chilled,5.075,0,2,served,Fresh-first
S1-047,Fresh,Kalutara,ambient,2.218,0,1,served,Fresh-first
S1-048,Fresh,Kalutara,chilled,5.024,0,1,served,Fresh-first
S1-049,Fresh,Kalutara,ambient,1.914,0,1,served,Fresh-first
S1-050,Fresh,Kalutara,ambient,1.631,1,3,served,Fresh-first
S1-051,Fresh,Kalutara,chilled,5.933,0,1,served,Fresh-first
S1-052,Fresh,Galle,ambient,2.592,0,2,served,Fresh-first
S1-053,Fresh,Galle,ambient,1.375,0,2,served,Fresh-first
S1-054,Fresh,Galle,ambient,3.791,0,1,served,Fresh-first
S1-055,Fresh,Galle,ambient,0.996,0,1,served,Fresh-first
S1-056,Fresh,Galle,chilled,3.754,0,2,deferred,Fresh-first
S1-057,Fresh,Galle,ambient,4.307,0,1,served,Fresh-first
S1-058,Fresh,Galle,chilled,16.515,0,1,deferred,Fresh-first
S1-059,Fresh,Galle,ambient,2.236,0,2,served,Fresh-first
S1-060,Style,Galle,ambient,7.858,0,1,served,Fresh-first
S1-061,Style,Galle,ambient,11.822,0,1,served,Fresh-first
S1-062,Fresh,Matara,ambient,3.388,0,2,served,Fresh-first
S1-063,Fresh,Matara,ambient,2.3,0,1,served,Fresh-first
S1-064,Fresh,Matara,chilled,6.784,0,1,deferred,Fresh-first
S1-065,Fresh,Matara,ambient,2.23,0,1,served,Fresh-first
S1-066,Fresh,Matara,ambient,3.425,0,2,served,Fresh-first
S1-067,Fresh,Matara,chilled,5.194,0,1,deferred,Fresh-first
S1-068,Style,Matara,ambient,7.494,1,5,served,Fresh-first
S1-069,Tech,Matara,ambient,1.55,0,1,served,Fresh-first
S1-070,Fresh,Kurunegala,ambient,2.598,0,1,served,Fresh-first
S1-071,Fresh,Kurunegala,chilled,12.035,0,1,served,Fresh-first
S1-072,Fresh,Kurunegala,ambient,2.095,0,1,served,Fresh-first
S1-073,Fresh,Kurunegala,chilled,5.766,0,1,served,Fresh-first
S1-074,Fresh,Kurunegala,ambient,2.349,0,1,served,Fresh-first
S1-075,Fresh,Kurunegala,chilled,7.238,0,2,served,Fresh-first
S1-076,Fresh,Kurunegala,ambient,2.032,0,2,served,Fresh-first
S1-077,Fresh,Kurunegala,ambient,2.482,0,1,served,Fresh-first
S1-078,Style,Kurunegala,ambient,40.66,0,2,deferred,Fresh-first
S1-079,Style,Kurunegala,ambient,9.379,1,5,served,Fresh-first
S1-080,Tech,Kurunegala,ambient,3.72,0,1,served,Fresh-first
S1-081,Fresh,Puttalam,ambient,2.38,0,1,served,Fresh-first
S1-082,Fresh,Puttalam,ambient,2.618,0,1,served,Fresh-first
S1-083,Fresh,Puttalam,chilled,8.659,1,5,deferred,Fresh-first
S1-084,Fresh,Puttalam,ambient,1.859,0,1,served,Fresh-first
S1-000,Fresh,Colombo,ambient,0.5,0,1,served,Fairness-first
S1-001,Fresh,Colombo,chilled,2.445,0,2,served,Fairness-first
S1-002,Fresh,Colombo,ambient,0.666,0,2,served,Fairness-first
S1-003,Fresh,Colombo,chilled,1.843,0,1,deferred,Fairness-first
S1-004,Fresh,Colombo,ambient,0.87,0,1,served,Fairness-first
S1-005,Fresh,Colombo,chilled,1.725,0,2,served,Fairness-first
S1-006,Fresh,Colombo,ambient,1.686,0,1,served,Fairness-first
S1-007,Fresh,Colombo,chilled,2.925,0,1,served,Fairness-first
S1-008,Fresh,Colombo,ambient,3.631,0,1,served,Fairness-first
S1-009,Fresh,Colombo,chilled,10.09,0,2,served,Fairness-first
S1-010,Fresh,Colombo,ambient,4.373,0,2,served,Fairness-first
S1-011,Fresh,Colombo,ambient,5.697,0,1,served,Fairness-first
S1-012,Fresh,Colombo,chilled,11.722,0,2,served,Fairness-first
S1-013,Fresh,Colombo,ambient,2.18,0,1,served,Fairness-first
S1-014,Fresh,Colombo,chilled,4.003,0,1,served,Fairness-first
S1-015,Fresh,Colombo,ambient,1.995,0,1,served,Fairness-first
S1-016,Fresh,Colombo,chilled,6.944,0,1,served,Fairness-first
S1-017,Fresh,Colombo,ambient,2.59,0,2,served,Fairness-first
S1-018,Fresh,Colombo,ambient,2.638,0,2,served,Fairness-first
S1-019,Fresh,Colombo,ambient,2.479,0,2,served,Fairness-first
S1-020,Fresh,Colombo,ambient,6.274,1,2,served,Fairness-first
S1-021,Fresh,Colombo,chilled,9.898,0,1,served,Fairness-first
S1-022,Fresh,Colombo,ambient,1.899,0,2,served,Fairness-first
S1-023,Tech,Colombo,ambient,5.39,1,5,served,Fairness-first
S1-024,Tech,Colombo,ambient,2.741,0,1,served,Fairness-first
S1-025,Tech,Colombo,ambient,4.653,1,5,served,Fairness-first
S1-026,Fresh,Gampaha,ambient,1.473,0,2,served,Fairness-first
S1-027,Fresh,Gampaha,ambient,2.304,0,1,served,Fairness-first
S1-028,Fresh,Gampaha,chilled,6.368,0,2,served,Fairness-first
S1-029,Fresh,Gampaha,ambient,1.994,0,2,served,Fairness-first
S1-030,Fresh,Gampaha,ambient,2.831,0,2,served,Fairness-first
S1-031,Fresh,Gampaha,chilled,6.883,0,2,served,Fairness-first
S1-032,Fresh,Gampaha,ambient,3.015,0,2,served,Fairness-first
S1-033,Fresh,Gampaha,chilled,6.227,0,1,served,Fairness-first
S1-034,Fresh,Gampaha,ambient,2.759,0,1,served,Fairness-first
S1-035,Fresh,Gampaha,chilled,7.427,0,2,served,Fairness-first
S1-036,Fresh,Gampaha,ambient,6.652,0,2,served,Fairness-first
S1-037,Fresh,Gampaha,ambient,4.652,0,1,served,Fairness-first
S1-038,Fresh,Gampaha,chilled,14.41,1,2,served,Fairness-first
S1-039,Fresh,Gampaha,ambient,3.502,0,1,served,Fairness-first
S1-040,Fresh,Gampaha,ambient,3.378,0,1,served,Fairness-first
S1-041,Fresh,Gampaha,chilled,6.742,1,2,served,Fairness-first
S1-042,Fresh,Kalutara,ambient,3.427,0,1,served,Fairness-first
S1-043,Fresh,Kalutara,ambient,2.13,0,1,served,Fairness-first
S1-044,Fresh,Kalutara,ambient,5.225,0,1,served,Fairness-first
S1-045,Fresh,Kalutara,ambient,1.332,1,3,served,Fairness-first
S1-046,Fresh,Kalutara,chilled,5.075,0,2,served,Fairness-first
S1-047,Fresh,Kalutara,ambient,2.218,0,1,served,Fairness-first
S1-048,Fresh,Kalutara,chilled,5.024,0,1,served,Fairness-first
S1-049,Fresh,Kalutara,ambient,1.914,0,1,served,Fairness-first
S1-050,Fresh,Kalutara,ambient,1.631,1,3,served,Fairness-first
S1-051,Fresh,Kalutara,chilled,5.933,0,1,served,Fairness-first
S1-052,Fresh,Galle,ambient,2.592,0,2,served,Fairness-first
S1-053,Fresh,Galle,ambient,1.375,0,2,served,Fairness-first
S1-054,Fresh,Galle,ambient,3.791,0,1,served,Fairness-first
S1-055,Fresh,Galle,ambient,0.996,0,1,served,Fairness-first
S1-056,Fresh,Galle,chilled,3.754,0,2,served,Fairness-first
S1-057,Fresh,Galle,ambient,4.307,0,1,served,Fairness-first
S1-058,Fresh,Galle,chilled,16.515,0,1,deferred,Fairness-first
S1-059,Fresh,Galle,ambient,2.236,0,2,served,Fairness-first
S1-060,Style,Galle,ambient,7.858,0,1,served,Fairness-first
S1-061,Style,Galle,ambient,11.822,0,1,served,Fairness-first
S1-062,Fresh,Matara,ambient,3.388,0,2,served,Fairness-first
S1-063,Fresh,Matara,ambient,2.3,0,1,served,Fairness-first
S1-064,Fresh,Matara,chilled,6.784,0,1,deferred,Fairness-first
S1-065,Fresh,Matara,ambient,2.23,0,1,served,Fairness-first
S1-066,Fresh,Matara,ambient,3.425,0,2,served,Fairness-first
S1-067,Fresh,Matara,chilled,5.194,0,1,deferred,Fairness-first
S1-068,Style,Matara,ambient,7.494,1,5,served,Fairness-first
S1-069,Tech,Matara,ambient,1.55,0,1,served,Fairness-first
S1-070,Fresh,Kurunegala,ambient,2.598,0,1,served,Fairness-first
S1-071,Fresh,Kurunegala,chilled,12.035,0,1,deferred,Fairness-first
S1-072,Fresh,Kurunegala,ambient,2.095,0,1,served,Fairness-first
S1-073,Fresh,Kurunegala,chilled,5.766,0,1,deferred,Fairness-first
S1-074,Fresh,Kurunegala,ambient,2.349,0,1,served,Fairness-first
S1-075,Fresh,Kurunegala,chilled,7.238,0,2,deferred,Fairness-first
S1-076,Fresh,Kurunegala,ambient,2.032,0,2,served,Fairness-first
S1-077,Fresh,Kurunegala,ambient,2.482,0,1,served,Fairness-first
S1-078,Style,Kurunegala,ambient,40.66,0,2,deferred,Fairness-first
S1-079,Style,Kurunegala,ambient,9.379,1,5,served,Fairness-first
S1-080,Tech,Kurunegala,ambient,3.72,0,1,served,Fairness-first
S1-081,Fresh,Puttalam,ambient,2.38,0,1,served,Fairness-first
S1-082,Fresh,Puttalam,ambient,2.618,0,1,served,Fairness-first
S1-083,Fresh,Puttalam,chilled,8.659,1,5,served,Fairness-first
S1-084,Fresh,Puttalam,ambient,1.859,0,1,served,Fairness-first
S1-000,Fresh,Colombo,ambient,0.5,0,1,served,Balanced
S1-001,Fresh,Colombo,chilled,2.445,0,2,served,Balanced
S1-002,Fresh,Colombo,ambient,0.666,0,2,served,Balanced
S1-003,Fresh,Colombo,chilled,1.843,0,1,served,Balanced
S1-004,Fresh,Colombo,ambient,0.87,0,1,served,Balanced
S1-005,Fresh,Colombo,chilled,1.725,0,2,served,Balanced
S1-006,Fresh,Colombo,ambient,1.686,0,1,served,Balanced
S1-007,Fresh,Colombo,chilled,2.925,0,1,served,Balanced
S1-008,Fresh,Colombo,ambient,3.631,0,1,served,Balanced
S1-009,Fresh,Colombo,chilled,10.09,0,2,served,Balanced
S1-010,Fresh,Colombo,ambient,4.373,0,2,served,Balanced
S1-011,Fresh,Colombo,ambient,5.697,0,1,served,Balanced
S1-012,Fresh,Colombo,chilled,11.722,0,2,served,Balanced
S1-013,Fresh,Colombo,ambient,2.18,0,1,served,Balanced
S1-014,Fresh,Colombo,chilled,4.003,0,1,served,Balanced
S1-015,Fresh,Colombo,ambient,1.995,0,1,served,Balanced
S1-016,Fresh,Colombo,chilled,6.944,0,1,served,Balanced
S1-017,Fresh,Colombo,ambient,2.59,0,2,served,Balanced
S1-018,Fresh,Colombo,ambient,2.638,0,2,served,Balanced
S1-019,Fresh,Colombo,ambient,2.479,0,2,served,Balanced
S1-020,Fresh,Colombo,ambient,6.274,1,2,served,Balanced
S1-021,Fresh,Colombo,chilled,9.898,0,1,served,Balanced
S1-022,Fresh,Colombo,ambient,1.899,0,2,served,Balanced
S1-023,Tech,Colombo,ambient,5.39,1,5,served,Balanced
S1-024,Tech,Colombo,ambient,2.741,0,1,served,Balanced
S1-025,Tech,Colombo,ambient,4.653,1,5,served,Balanced
S1-026,Fresh,Gampaha,ambient,1.473,0,2,served,Balanced
S1-027,Fresh,Gampaha,ambient,2.304,0,1,served,Balanced
S1-028,Fresh,Gampaha,chilled,6.368,0,2,served,Balanced
S1-029,Fresh,Gampaha,ambient,1.994,0,2,served,Balanced
S1-030,Fresh,Gampaha,ambient,2.831,0,2,served,Balanced
S1-031,Fresh,Gampaha,chilled,6.883,0,2,served,Balanced
S1-032,Fresh,Gampaha,ambient,3.015,0,2,served,Balanced
S1-033,Fresh,Gampaha,chilled,6.227,0,1,served,Balanced
S1-034,Fresh,Gampaha,ambient,2.759,0,1,served,Balanced
S1-035,Fresh,Gampaha,chilled,7.427,0,2,served,Balanced
S1-036,Fresh,Gampaha,ambient,6.652,0,2,served,Balanced
S1-037,Fresh,Gampaha,ambient,4.652,0,1,served,Balanced
S1-038,Fresh,Gampaha,chilled,14.41,1,2,served,Balanced
S1-039,Fresh,Gampaha,ambient,3.502,0,1,served,Balanced
S1-040,Fresh,Gampaha,ambient,3.378,0,1,served,Balanced
S1-041,Fresh,Gampaha,chilled,6.742,1,2,served,Balanced
S1-042,Fresh,Kalutara,ambient,3.427,0,1,served,Balanced
S1-043,Fresh,Kalutara,ambient,2.13,0,1,served,Balanced
S1-044,Fresh,Kalutara,ambient,5.225,0,1,served,Balanced
S1-045,Fresh,Kalutara,ambient,1.332,1,3,served,Balanced
S1-046,Fresh,Kalutara,chilled,5.075,0,2,served,Balanced
S1-047,Fresh,Kalutara,ambient,2.218,0,1,served,Balanced
S1-048,Fresh,Kalutara,chilled,5.024,0,1,served,Balanced
S1-049,Fresh,Kalutara,ambient,1.914,0,1,served,Balanced
S1-050,Fresh,Kalutara,ambient,1.631,1,3,served,Balanced
S1-051,Fresh,Kalutara,chilled,5.933,0,1,served,Balanced
S1-052,Fresh,Galle,ambient,2.592,0,2,served,Balanced
S1-053,Fresh,Galle,ambient,1.375,0,2,served,Balanced
S1-054,Fresh,Galle,ambient,3.791,0,1,served,Balanced
S1-055,Fresh,Galle,ambient,0.996,0,1,served,Balanced
S1-056,Fresh,Galle,chilled,3.754,0,2,deferred,Balanced
S1-057,Fresh,Galle,ambient,4.307,0,1,served,Balanced
S1-058,Fresh,Galle,chilled,16.515,0,1,deferred,Balanced
S1-059,Fresh,Galle,ambient,2.236,0,2,served,Balanced
S1-060,Style,Galle,ambient,7.858,0,1,served,Balanced
S1-061,Style,Galle,ambient,11.822,0,1,served,Balanced
S1-062,Fresh,Matara,ambient,3.388,0,2,served,Balanced
S1-063,Fresh,Matara,ambient,2.3,0,1,served,Balanced
S1-064,Fresh,Matara,chilled,6.784,0,1,deferred,Balanced
S1-065,Fresh,Matara,ambient,2.23,0,1,served,Balanced
S1-066,Fresh,Matara,ambient,3.425,0,2,served,Balanced
S1-067,Fresh,Matara,chilled,5.194,0,1,deferred,Balanced
S1-068,Style,Matara,ambient,7.494,1,5,served,Balanced
S1-069,Tech,Matara,ambient,1.55,0,1,served,Balanced
S1-070,Fresh,Kurunegala,ambient,2.598,0,1,served,Balanced
S1-071,Fresh,Kurunegala,chilled,12.035,0,1,served,Balanced
S1-072,Fresh,Kurunegala,ambient,2.095,0,1,served,Balanced
S1-073,Fresh,Kurunegala,chilled,5.766,0,1,served,Balanced
S1-074,Fresh,Kurunegala,ambient,2.349,0,1,served,Balanced
S1-075,Fresh,Kurunegala,chilled,7.238,0,2,served,Balanced
S1-076,Fresh,Kurunegala,ambient,2.032,0,2,served,Balanced
S1-077,Fresh,Kurunegala,ambient,2.482,0,1,served,Balanced
S1-078,Style,Kurunegala,ambient,40.66,0,2,deferred,Balanced
S1-079,Style,Kurunegala,ambient,9.379,1,5,served,Balanced
S1-080,Tech,Kurunegala,ambient,3.72,0,1,served,Balanced
S1-081,Fresh,Puttalam,ambient,2.38,0,1,served,Balanced
S1-082,Fresh,Puttalam,ambient,2.618,0,1,served,Balanced
S1-083,Fresh,Puttalam,chilled,8.659,1,5,deferred,Balanced
S1-084,Fresh,Puttalam,ambient,1.859,0,1,served,Balanced
