target,model,stage,seconds,mae,rmse,r2,wape,smape,log_loss,brier,roc_auc,pr_auc,accuracy_at_0.5
service,catboost_depth6,tuning,87.78,4.081046023048984,7.133131054302837,0.7915606275006593,0.20714784948171694,0.2071459976880164,,,,,
service,lightgbm_leaves31,tuning,13.08,4.134169069589091,7.247625058826262,0.7848155985649337,0.20984429661476814,0.20908479339282424,,,,,
service,hist_leaves31,tuning,11.45,4.134042445070116,7.223709928784382,0.7862333519543232,0.2098378693417971,0.20913717310126026,,,,,
service,linear_baseline,tuning,2.29,4.445402688455549,7.294170289796883,0.7820428367230761,0.22564205397169987,0.23084959684418552,,,,,
service,catboost_depth8,tuning,143.28,4.063952680155742,7.2256708607990605,0.7861172789771305,0.20628021672266678,0.20585695228363562,,,,,
service,lightgbm_leaves63,tuning,14.7,4.1509441228403094,7.264649934941854,0.7838034627094397,0.21069577346318039,0.2099592272519975,,,,,
service,xgboost_depth5,tuning,10.34,4.151534875439668,7.320911793955084,0.7804417810222046,0.2107257591898401,0.21017347359669092,,,,,
service,extra_trees,tuning,55.69,4.354399468246148,7.558748511933982,0.7659443426769267,0.22102286534804289,0.21870636155127457,,,,,
service,frozen_ensemble,holdout,,3.752355649968833,6.042707627169151,0.8299092647630875,0.2039235676711108,0.20713639060483605,,,,,
lateness,catboost_depth6,tuning,89.51,,,,,,0.1478760284904732,0.04583492547705798,0.9780534295870159,0.921879017423038,0.9343788063337394
lateness,lightgbm_leaves31,tuning,11.56,,,,,,0.14792426825878718,0.04574679465622259,0.9781064560540556,0.9212340467957398,0.9360535931790499
lateness,hist_leaves31,tuning,12.28,,,,,,0.14842790769918351,0.04597443097657336,0.9778843984399821,0.9206431269899243,0.9348355663824605
lateness,linear_baseline,tuning,7.13,,,,,,0.16921988106976096,0.050924189694782726,0.9709556067468085,0.8994620811107756,0.9313337393422655
lateness,catboost_depth8,tuning,74.23,,,,,,0.1489761958514613,0.04606452444094866,0.9776682821667535,0.9214551328829806,0.9339220462850183
lateness,lightgbm_leaves63,tuning,11.75,,,,,,0.14855108930263725,0.04598586400067451,0.9779510899909646,0.9206188012609454,0.9372716199756395
lateness,xgboost_depth5,tuning,10.02,,,,,,0.1470070588141967,0.04554092511534691,0.9783069763075666,0.9222424530528146,0.9363580998781973
lateness,extra_trees,tuning,50.74,,,,,,0.1549952475823936,0.047882275129872975,0.9762025533803482,0.9136167481349708,0.9331607795371498
lateness,frozen_ensemble,holdout,,,,,,,0.1322866905655637,0.041127589866823286,0.9752751515151515,0.8687337755584239,0.9449851042701093
