model,feature,importance,ensemble_weight
xgboost_depth5,order_units,0.0026400082278996706,0.4748506140468604
xgboost_depth5,order_weight_kg,0.002226439071819186,0.4748506140468604
xgboost_depth5,order_volume_m3,0.0028169516008347273,0.4748506140468604
xgboost_depth5,seq_in_route,0.012440216727554798,0.4748506140468604
xgboost_depth5,distance_km,0.0031285383738577366,0.4748506140468604
xgboost_depth5,planned_travel_duration_min,0.0037143684457987547,0.4748506140468604
xgboost_depth5,weight_cap_kg,0.012170853093266487,0.4748506140468604
xgboost_depth5,volume_cap_m3,0.013438488356769085,0.4748506140468604
xgboost_depth5,km_per_l,0.003961476963013411,0.4748506140468604
xgboost_depth5,weekly_fuel_quota_l,0.005652048159390688,0.4748506140468604
xgboost_depth5,free_flow_kmh,0.021634360775351524,0.4748506140468604
xgboost_depth5,depot_to_district_km,0.009423098526895046,0.4748506140468604
xgboost_depth5,depot_to_district_freeflow_min,0.03298260644078255,0.4748506140468604
xgboost_depth5,inter_stop_km,0.011782356537878513,0.4748506140468604
xgboost_depth5,inter_stop_freeflow_min,0.03489957004785538,0.4748506140468604
xgboost_depth5,dow,0.014444542117416859,0.4748506140468604
xgboost_depth5,is_weekend,0.0,0.4748506140468604
xgboost_depth5,is_payday,0.01725454442203045,0.4748506140468604
xgboost_depth5,festival_ramp,0.02577897347509861,0.4748506140468604
xgboost_depth5,is_holiday,0.0046225921250879765,0.4748506140468604
xgboost_depth5,monsoon,0.01977265067398548,0.4748506140468604
xgboost_depth5,is_operating,0.0,0.4748506140468604
xgboost_depth5,disruption_index,0.004368840251117945,0.4748506140468604
xgboost_depth5,service_allowance_min,0.05475527420639992,0.4748506140468604
xgboost_depth5,planned_arrival_time_minutes,0.019905203953385353,0.4748506140468604
xgboost_depth5,planned_depart_time_minutes,0.003656578017398715,0.4748506140468604
xgboost_depth5,window_open_time_minutes,0.0028269661124795675,0.4748506140468604
xgboost_depth5,window_close_time_minutes,0.026505108922719955,0.4748506140468604
xgboost_depth5,hour,0.002499030902981758,0.4748506140468604
xgboost_depth5,speed_index,0.008138906210660934,0.4748506140468604
xgboost_depth5,planned_slack_min,0.038488443940877914,0.4748506140468604
xgboost_depth5,planned_wait_min,0.0009693106985650957,0.4748506140468604
xgboost_depth5,window_width_min,0.0036520918365567923,0.4748506140468604
xgboost_depth5,traffic_adjusted_travel,0.008519284427165985,0.4748506140468604
xgboost_depth5,extra_travel_estimate,0.01042221486568451,0.4748506140468604
xgboost_depth5,order_to_dispatch_days,0.0019041912164539099,0.4748506140468604
xgboost_depth5,month,0.002886920003220439,0.4748506140468604
xgboost_depth5,day_of_month,0.0028581346850842237,0.4748506140468604
xgboost_depth5,annual_sin,0.002619236009195447,0.4748506140468604
xgboost_depth5,annual_cos,0.0024182554334402084,0.4748506140468604
xgboost_depth5,weight_per_unit,0.0021116947755217552,0.4748506140468604
xgboost_depth5,volume_per_unit,0.0021104428451508284,0.4748506140468604
xgboost_depth5,density,0.0020397016778588295,0.4748506140468604
xgboost_depth5,log_order_units,0.0055184620432555676,0.4748506140468604
xgboost_depth5,log_order_weight_kg,0.0026159705594182014,0.4748506140468604
xgboost_depth5,log_order_volume_m3,0.002521543763577938,0.4748506140468604
xgboost_depth5,weight_fraction,0.0022690454497933388,0.4748506140468604
xgboost_depth5,volume_fraction,0.0021974232513457537,0.4748506140468604
xgboost_depth5,route_stops,0.011885160580277443,0.4748506140468604
xgboost_depth5,route_start_min,0.007813315838575363,0.4748506140468604
xgboost_depth5,planned_elapsed_min,0.011770784854888916,0.4748506140468604
xgboost_depth5,prior_order_units,0.022475523874163628,0.4748506140468604
xgboost_depth5,prior_order_weight_kg,0.02298218384385109,0.4748506140468604
xgboost_depth5,prior_order_volume_m3,0.011691411957144737,0.4748506140468604
xgboost_depth5,prior_service_allowance_min,0.011466259136795998,0.4748506140468604
xgboost_depth5,prior_planned_travel_duration_min,0.002312164520844817,0.4748506140468604
xgboost_depth5,prior_traffic_adjusted_travel,0.007883754558861256,0.4748506140468604
xgboost_depth5,prior_extra_travel_estimate,0.06170539930462837,0.4748506140468604
xgboost_depth5,prior_planned_wait_min,0.0068342359736561775,0.4748506140468604
xgboost_depth5,route_order_weight_kg,0.007221774198114872,0.4748506140468604
xgboost_depth5,route_order_volume_m3,0.0030669549014419317,0.4748506140468604
xgboost_depth5,accumulated_traffic_slack,0.2289436161518097,0.4748506140468604
xgboost_depth5,outlet_id,0.008938857354223728,0.4748506140468604
xgboost_depth5,brand,0.0,0.4748506140468604
xgboost_depth5,district,0.009104214608669281,0.4748506140468604
xgboost_depth5,depot,0.009122844785451889,0.4748506140468604
xgboost_depth5,temp_requirement,0.00258519290946424,0.4748506140468604
xgboost_depth5,vehicle_type,0.0,0.4748506140468604
xgboost_depth5,vehicle_temp,0.0026984496507793665,0.4748506140468604
xgboost_depth5,dock_type,0.0017462833784520626,0.4748506140468604
xgboost_depth5,parking_constraint,0.05303994193673134,0.4748506140468604
xgboost_depth5,road_class,0.005773103795945644,0.4748506140468604
xgboost_depth5,festival,0.0024596957955509424,0.4748506140468604
xgboost_depth5,brand_dock,0.005532633978873491,0.4748506140468604
xgboost_depth5,district_hour,0.004706682171672583,0.4748506140468604
xgboost_depth5,brand_temp,0.002676619915291667,0.4748506140468604
catboost_depth6,outlet_id,1.1038234786993895,0.32896015798611294
catboost_depth6,brand,0.020090574999910824,0.32896015798611294
catboost_depth6,district,1.0622407324628573,0.32896015798611294
catboost_depth6,depot,0.07375920608091,0.32896015798611294
catboost_depth6,temp_requirement,0.01325882179450572,0.32896015798611294
catboost_depth6,order_units,0.08147463256067707,0.32896015798611294
catboost_depth6,order_weight_kg,0.05651610246636458,0.32896015798611294
catboost_depth6,order_volume_m3,0.11908358508015043,0.32896015798611294
catboost_depth6,seq_in_route,0.7504917865146138,0.32896015798611294
catboost_depth6,vehicle_type,1.2514730040047881,0.32896015798611294
catboost_depth6,vehicle_temp,0.00664973919645894,0.32896015798611294
catboost_depth6,distance_km,0.6826707754276229,0.32896015798611294
catboost_depth6,planned_travel_duration_min,0.7805818634740156,0.32896015798611294
catboost_depth6,dock_type,0.03472185261771028,0.32896015798611294
catboost_depth6,parking_constraint,3.465499005299517,0.32896015798611294
catboost_depth6,weight_cap_kg,0.5465402482583154,0.32896015798611294
catboost_depth6,volume_cap_m3,0.7413097868732821,0.32896015798611294
catboost_depth6,km_per_l,0.05657217604582283,0.32896015798611294
catboost_depth6,weekly_fuel_quota_l,0.14506486734166524,0.32896015798611294
catboost_depth6,road_class,3.558466624451575,0.32896015798611294
catboost_depth6,free_flow_kmh,0.08672116659947478,0.32896015798611294
catboost_depth6,depot_to_district_km,0.2504446602946935,0.32896015798611294
catboost_depth6,depot_to_district_freeflow_min,0.408403498082018,0.32896015798611294
catboost_depth6,inter_stop_km,0.38805032872249023,0.32896015798611294
catboost_depth6,inter_stop_freeflow_min,2.932800009028831,0.32896015798611294
catboost_depth6,dow,3.218020345729679,0.32896015798611294
catboost_depth6,is_weekend,0.0,0.32896015798611294
catboost_depth6,is_payday,1.0479571894560484,0.32896015798611294
catboost_depth6,festival,0.06344570582312264,0.32896015798611294
catboost_depth6,festival_ramp,5.237061953887677,0.32896015798611294
catboost_depth6,is_holiday,0.015815795125689085,0.32896015798611294
catboost_depth6,monsoon,1.6587769829083188,0.32896015798611294
catboost_depth6,is_operating,0.0,0.32896015798611294
catboost_depth6,disruption_index,0.6926476215708136,0.32896015798611294
catboost_depth6,service_allowance_min,0.016817431246826317,0.32896015798611294
catboost_depth6,planned_arrival_time_minutes,0.7494285561880984,0.32896015798611294
catboost_depth6,planned_depart_time_minutes,0.5218501256220759,0.32896015798611294
catboost_depth6,window_open_time_minutes,0.07923364322749274,0.32896015798611294
catboost_depth6,window_close_time_minutes,0.04021044660349702,0.32896015798611294
catboost_depth6,hour,0.2261190896809299,0.32896015798611294
catboost_depth6,speed_index,0.5894593666975199,0.32896015798611294
catboost_depth6,planned_slack_min,1.4368443862161215,0.32896015798611294
catboost_depth6,planned_wait_min,0.08452939390697763,0.32896015798611294
catboost_depth6,window_width_min,0.07024897028960937,0.32896015798611294
catboost_depth6,traffic_adjusted_travel,6.299811063739372,0.32896015798611294
catboost_depth6,extra_travel_estimate,1.1601603942756948,0.32896015798611294
catboost_depth6,order_to_dispatch_days,0.04439244513253183,0.32896015798611294
catboost_depth6,month,0.26152034386279477,0.32896015798611294
catboost_depth6,day_of_month,0.4914155985559879,0.32896015798611294
catboost_depth6,annual_sin,0.6935239350187391,0.32896015798611294
catboost_depth6,annual_cos,0.32839719877296814,0.32896015798611294
catboost_depth6,weight_per_unit,0.1731970010301909,0.32896015798611294
catboost_depth6,volume_per_unit,0.17420636436518133,0.32896015798611294
catboost_depth6,density,0.1975268814147414,0.32896015798611294
catboost_depth6,log_order_units,0.07383910284904155,0.32896015798611294
catboost_depth6,log_order_weight_kg,0.2057856434492109,0.32896015798611294
catboost_depth6,log_order_volume_m3,0.1551319506339455,0.32896015798611294
catboost_depth6,weight_fraction,0.07586751720251164,0.32896015798611294
catboost_depth6,volume_fraction,0.08875679977884196,0.32896015798611294
catboost_depth6,route_stops,0.5829133523926004,0.32896015798611294
catboost_depth6,route_start_min,1.0506937129402847,0.32896015798611294
catboost_depth6,planned_elapsed_min,2.055288053712485,0.32896015798611294
catboost_depth6,prior_order_units,3.9392760619724667,0.32896015798611294
catboost_depth6,prior_order_weight_kg,2.8476118799310393,0.32896015798611294
catboost_depth6,prior_order_volume_m3,2.1275711100251624,0.32896015798611294
catboost_depth6,prior_service_allowance_min,1.0894737673542882,0.32896015798611294
catboost_depth6,prior_planned_travel_duration_min,0.5067654636050478,0.32896015798611294
catboost_depth6,prior_traffic_adjusted_travel,0.929687194903866,0.32896015798611294
catboost_depth6,prior_extra_travel_estimate,2.9751112524337713,0.32896015798611294
catboost_depth6,prior_planned_wait_min,1.2751538123252275,0.32896015798611294
catboost_depth6,route_order_weight_kg,0.6703333303495538,0.32896015798611294
catboost_depth6,route_order_volume_m3,0.16895126983653141,0.32896015798611294
catboost_depth6,accumulated_traffic_slack,34.556074065589506,0.32896015798611294
catboost_depth6,brand_dock,0.16001317378425645,0.32896015798611294
catboost_depth6,district_hour,0.2543173614445852,0.32896015798611294
catboost_depth6,brand_temp,0.022057366759550234,0.32896015798611294
lightgbm_leaves31,order_units,188.0,0.19618922796702667
lightgbm_leaves31,order_weight_kg,145.0,0.19618922796702667
lightgbm_leaves31,order_volume_m3,173.0,0.19618922796702667
lightgbm_leaves31,seq_in_route,70.0,0.19618922796702667
lightgbm_leaves31,distance_km,228.0,0.19618922796702667
lightgbm_leaves31,planned_travel_duration_min,116.0,0.19618922796702667
lightgbm_leaves31,weight_cap_kg,114.0,0.19618922796702667
lightgbm_leaves31,volume_cap_m3,15.0,0.19618922796702667
lightgbm_leaves31,km_per_l,47.0,0.19618922796702667
lightgbm_leaves31,weekly_fuel_quota_l,172.0,0.19618922796702667
lightgbm_leaves31,free_flow_kmh,71.0,0.19618922796702667
lightgbm_leaves31,depot_to_district_km,65.0,0.19618922796702667
lightgbm_leaves31,depot_to_district_freeflow_min,45.0,0.19618922796702667
lightgbm_leaves31,inter_stop_km,26.0,0.19618922796702667
lightgbm_leaves31,inter_stop_freeflow_min,108.0,0.19618922796702667
lightgbm_leaves31,dow,608.0,0.19618922796702667
lightgbm_leaves31,is_weekend,0.0,0.19618922796702667
lightgbm_leaves31,is_payday,133.0,0.19618922796702667
lightgbm_leaves31,festival_ramp,523.0,0.19618922796702667
lightgbm_leaves31,is_holiday,0.0,0.19618922796702667
lightgbm_leaves31,monsoon,130.0,0.19618922796702667
lightgbm_leaves31,is_operating,0.0,0.19618922796702667
lightgbm_leaves31,disruption_index,295.0,0.19618922796702667
lightgbm_leaves31,service_allowance_min,9.0,0.19618922796702667
lightgbm_leaves31,planned_arrival_time_minutes,215.0,0.19618922796702667
lightgbm_leaves31,planned_depart_time_minutes,210.0,0.19618922796702667
lightgbm_leaves31,window_open_time_minutes,23.0,0.19618922796702667
lightgbm_leaves31,window_close_time_minutes,33.0,0.19618922796702667
lightgbm_leaves31,hour,0.0,0.19618922796702667
lightgbm_leaves31,speed_index,117.0,0.19618922796702667
lightgbm_leaves31,planned_slack_min,281.0,0.19618922796702667
lightgbm_leaves31,planned_wait_min,11.0,0.19618922796702667
lightgbm_leaves31,window_width_min,6.0,0.19618922796702667
lightgbm_leaves31,traffic_adjusted_travel,280.0,0.19618922796702667
lightgbm_leaves31,extra_travel_estimate,282.0,0.19618922796702667
lightgbm_leaves31,order_to_dispatch_days,17.0,0.19618922796702667
lightgbm_leaves31,month,130.0,0.19618922796702667
lightgbm_leaves31,day_of_month,398.0,0.19618922796702667
lightgbm_leaves31,annual_sin,493.0,0.19618922796702667
lightgbm_leaves31,annual_cos,411.0,0.19618922796702667
lightgbm_leaves31,weight_per_unit,271.0,0.19618922796702667
lightgbm_leaves31,volume_per_unit,285.0,0.19618922796702667
lightgbm_leaves31,density,344.0,0.19618922796702667
lightgbm_leaves31,log_order_units,0.0,0.19618922796702667
lightgbm_leaves31,log_order_weight_kg,0.0,0.19618922796702667
lightgbm_leaves31,log_order_volume_m3,0.0,0.19618922796702667
lightgbm_leaves31,weight_fraction,159.0,0.19618922796702667
lightgbm_leaves31,volume_fraction,173.0,0.19618922796702667
lightgbm_leaves31,route_stops,159.0,0.19618922796702667
lightgbm_leaves31,route_start_min,467.0,0.19618922796702667
lightgbm_leaves31,planned_elapsed_min,410.0,0.19618922796702667
lightgbm_leaves31,prior_order_units,646.0,0.19618922796702667
lightgbm_leaves31,prior_order_weight_kg,285.0,0.19618922796702667
lightgbm_leaves31,prior_order_volume_m3,207.0,0.19618922796702667
lightgbm_leaves31,prior_service_allowance_min,162.0,0.19618922796702667
lightgbm_leaves31,prior_planned_travel_duration_min,136.0,0.19618922796702667
lightgbm_leaves31,prior_traffic_adjusted_travel,202.0,0.19618922796702667
lightgbm_leaves31,prior_extra_travel_estimate,406.0,0.19618922796702667
lightgbm_leaves31,prior_planned_wait_min,404.0,0.19618922796702667
lightgbm_leaves31,route_order_weight_kg,380.0,0.19618922796702667
lightgbm_leaves31,route_order_volume_m3,375.0,0.19618922796702667
lightgbm_leaves31,accumulated_traffic_slack,1090.0,0.19618922796702667
lightgbm_leaves31,outlet_id,427.0,0.19618922796702667
lightgbm_leaves31,brand,0.0,0.19618922796702667
lightgbm_leaves31,district,26.0,0.19618922796702667
lightgbm_leaves31,depot,0.0,0.19618922796702667
lightgbm_leaves31,temp_requirement,5.0,0.19618922796702667
lightgbm_leaves31,vehicle_type,0.0,0.19618922796702667
lightgbm_leaves31,vehicle_temp,0.0,0.19618922796702667
lightgbm_leaves31,dock_type,2.0,0.19618922796702667
lightgbm_leaves31,parking_constraint,21.0,0.19618922796702667
lightgbm_leaves31,road_class,25.0,0.19618922796702667
lightgbm_leaves31,festival,31.0,0.19618922796702667
lightgbm_leaves31,brand_dock,0.0,0.19618922796702667
lightgbm_leaves31,district_hour,149.0,0.19618922796702667
lightgbm_leaves31,brand_temp,5.0,0.19618922796702667
