target,slice,brand,n,late_count,mae,rmse,r2,wape,smape,depot,log_loss,brier,roc_auc,pr_auc,accuracy_at_0.5
service,brand,Fresh,4789,,3.3580949002459852,4.786598527262493,0.7179952266661973,0.20358660232271242,0.20697546300222522,,,,,,
service,brand,Style,150,,10.004235460927283,14.429513762140447,0.7137275453749468,0.20819024960309276,0.20554802156958316,,,,,,
service,brand,Tech,96,,13.651655220582876,21.13810067971306,0.7909807343201243,0.20328197629532435,0.2176461577318262,,,,,,
service,depot,,1947,,3.6961845308863612,6.311823789527354,0.8370629359662356,0.20551951341203292,0.20907763650211533,Kandy,,,,,
service,depot,,3088,,3.787771831592398,5.866686395778095,0.8241188668652569,0.20295390435794913,0.20591242500833248,Peliyagoda,,,,,
service,depot+brand,Fresh,1860,,3.3305172710942146,4.881487295221197,0.7534216300952332,0.20515854029591782,0.20895924612489727,Kandy,,,,,
service,depot+brand,Style,54,,9.220042510547085,12.935572528168029,0.6774648676082045,0.20067807157176243,0.19870030016157203,Kandy,,,,,
service,depot+brand,Tech,33,,15.267480661544381,27.0852805317165,0.81078088278286,0.2153106247140874,0.232731644502568,Kandy,,,,,
service,depot+brand,Fresh,2929,,3.375607495064112,4.725352308629065,0.6872671412742922,0.20261392583800122,0.20571570314965776,Peliyagoda,,,,,
service,depot+brand,Style,96,,10.445343995516145,15.20548904921253,0.7249838614946471,0.21213307035530993,0.20939986486158937,Peliyagoda,,,,,
service,depot+brand,Tech,63,,12.805270465793518,17.22191429927408,0.755961855481778,0.19642854622473618,0.20974423609000914,Peliyagoda,,,,,
lateness,brand,Fresh,4789,651.0,,,,,,,0.1363621445355429,0.042393850242169136,0.9745344746046347,0.8699658445453705,0.9432031739402799
lateness,brand,Style,150,6.0,,,,,,,0.05688767183320018,0.017333813517137295,0.9872685185185185,0.8075757575757575,0.98
lateness,brand,Tech,96,3.0,,,,,,,0.04679193793664751,0.015137438980590202,0.992831541218638,0.8666666666666667,0.9791666666666666
lateness,depot,,1947,291.0,,,,,,Kandy,0.17642423124104345,0.05600041287628852,0.9596759466772913,0.8105613340702118,0.923472008217771
lateness,depot,,3088,369.0,,,,,,Peliyagoda,0.10445774247775305,0.03175019789809634,0.9837338571988147,0.9069804772401585,0.9585492227979274
lateness,depot+brand,Fresh,1860,288.0,,,,,,Kandy,0.1812729301839394,0.0576514520714348,0.9587530039581565,0.8122751467693319,0.9209677419354839
lateness,depot+brand,Style,54,1.0,,,,,,Kandy,0.059987284375871044,0.016569302631375443,0.9622641509433962,0.3333333333333333,0.9814814814814815
lateness,depot+brand,Tech,33,2.0,,,,,,Kandy,0.09366711296628018,0.02746547500517377,0.967741935483871,0.75,0.9696969696969697
lateness,depot+brand,Fresh,2929,363.0,,,,,,Peliyagoda,0.10784249233137164,0.03270483030279251,0.9831092759952677,0.9077996614352991,0.9573233185387504
lateness,depot+brand,Style,96,5.0,,,,,,Peliyagoda,0.055144139777947826,0.017763850890378328,0.9912087912087912,0.885,0.9791666666666666
lateness,depot+brand,Tech,63,1.0,,,,,,Peliyagoda,0.022238274825887534,0.008679896301046425,1.0,1.0,0.9841269841269841
