target,slice,brand,n,bias_m3,mae,rmse,r2,wape,smape,depot
total,brand,Fresh,20,-36.79777026504428,37.01688483993659,45.53961113739277,0.9624002215961671,0.0491800213196947,0.049174858612477834,
total,brand,Style,20,-3.94316884573502,9.58209404571641,16.431522685725607,0.7965472565761119,0.0849415803722909,0.08269100692815308,
total,brand,Tech,20,-1.9016420733817618,7.739173887659095,10.609737582871292,-0.010367071791938631,0.27890975324876593,0.28104887967650277,
total,depot,,30,-6.655778546671226,12.447507417059358,17.805396358889077,0.9936358886429149,0.060075925195528096,0.1296026738873927,Kandy
total,depot,,30,-21.77260890943615,23.777927765148707,36.33978024743815,0.9926996950656711,0.061236712793455654,0.1456738229240298,Peliyagoda
total,depot+brand,Fresh,10,-23.784411928926733,24.222641078711337,26.762513503752743,-1.2757766007277365,0.04654653719360621,0.047267370882818474,Kandy
total,depot+brand,Style,10,-0.5736698649331018,7.98250424938981,13.723267525460477,0.014243158562756597,0.09932626466736527,0.09189327690599011,Kandy
total,depot+brand,Tech,10,4.390746153846161,5.137376923076928,6.8217459552166595,-0.7072770813013869,0.24667973951325156,0.2496473738733695,Kandy
total,depot+brand,Fresh,10,-49.811128601161826,49.811128601161826,58.57883778337828,-0.6460721701500933,0.05057139364756246,0.05108234634213722,Peliyagoda
total,depot+brand,Style,10,-7.312667826536938,11.18168384204301,18.752647918831958,0.018175329893730052,0.07698254481969663,0.07348873695031602,Peliyagoda
total,depot+brand,Tech,10,-8.194030300609686,10.340970852241265,13.364013067835135,-0.7905978688001134,0.2982702770780698,0.3124503854796361,Peliyagoda
chilled,brand,Fresh,20,-13.978192018974834,14.299985976044406,17.737322890603213,0.957924155835012,0.05239825193413645,0.05001399647879621,
chilled,depot,,10,-6.664761176841287,7.308349090980428,8.052753075048695,-0.481765603694323,0.03895799843376086,0.03931342551917109,Kandy
chilled,depot,,10,-21.291622861108387,21.291622861108387,23.756649901939607,-0.5950645060434374,0.059436683850836135,0.06071456743842132,Peliyagoda
chilled,depot+brand,Fresh,10,-6.664761176841287,7.308349090980428,8.052753075048695,-0.481765603694323,0.03895799843376086,0.03931342551917109,Kandy
chilled,depot+brand,Fresh,10,-21.291622861108387,21.291622861108387,23.756649901939607,-0.5950645060434374,0.059436683850836135,0.06071456743842132,Peliyagoda
