target,model,stage,mae,rmse,r2,wape,smape,depot,brand
total,mean_4,tuning,22.241091666666666,34.18016074512378,0.9907690744304245,0.07411929477041947,0.18326752719581646,,
total,mean_13,tuning,19.341906410256406,32.584144091454704,0.9916110098835446,0.06445764821842126,0.15362795422839437,,
total,mean_26,tuning,19.34914423076923,32.76568081325813,0.9915172739811885,0.06448176853410205,0.15108303457190567,,
total,seasonal_52,tuning,26.94965,45.626621036042835,0.9835512211175619,0.089810746803554,0.19478194568537102,,
total,ridge_1,tuning,21.396136315648423,34.87081260395056,0.990392261291694,0.07130344851302438,0.1586000142471659,,
total,ridge_30,tuning,22.02612267511868,36.26583102263372,0.9896081632671612,0.07340290232485777,0.16518941556998493,,
total,ridge_100,tuning,21.994429068492583,36.626978042421214,0.9894001621009958,0.07329728215984681,0.16480465094223545,,
total,daily_catboost,tuning,20.318222107285752,32.71239760057038,0.9915448405920573,0.06771125788927924,0.1566030213315898,,
total,weekly_catboost,tuning,18.29430602699862,28.261553802405803,0.9936891316814247,0.06096647958461446,0.1463832971126904,,
total,daily_lightgbm,tuning,22.659795318027957,35.96540061755815,0.9897796245035816,0.07551464081825804,0.1563414045715864,,
total,mean_4,tuning_series,49.61934999999999,67.64944886956768,-0.06909318742530624,0.049862354183111385,0.04955295680453105,Peliyagoda,Fresh
total,mean_13,tuning_series,50.9835846153846,66.20293702915149,-0.023862296086500923,0.051233269956517696,0.050933368420342476,Peliyagoda,Fresh
total,mean_26,tuning_series,51.788173076923066,66.51295626198944,-0.03347396070107034,0.05204179878329345,0.05175656626915872,Peliyagoda,Fresh
total,seasonal_52,tuning_series,72.36399999999999,91.13837511882686,-0.94039255339465,0.07271839308871786,0.07451720358442168,Peliyagoda,Fresh
total,ridge_1,tuning_series,60.08610728132064,71.57852587599537,-0.19688530979622398,0.060380371019484104,0.061556614050549296,Peliyagoda,Fresh
total,ridge_30,tuning_series,61.604644335247016,74.52669000465607,-0.2975099671342136,0.06190634490715203,0.06308626947258604,Peliyagoda,Fresh
total,ridge_100,tuning_series,61.235072733105255,75.17524650330404,-0.320190970873363,0.06153496337712367,0.06270076710656741,Peliyagoda,Fresh
total,daily_catboost,tuning_series,53.81687550775298,65.81467491435318,-0.011888167301590036,0.05408043651510937,0.05503458683013248,Peliyagoda,Fresh
total,weekly_catboost,tuning_series,45.63917446354917,55.024779232865036,0.2927000065912887,0.045862686265061944,0.04613744644515591,Peliyagoda,Fresh
total,daily_lightgbm,tuning_series,61.928564069437506,71.0160522715531,-0.17814864893365656,0.06223185099526292,0.06399483534966423,Peliyagoda,Fresh
total,mean_4,tuning_series,20.082175,21.946772350535966,-0.5682555840439747,0.13978887761618952,0.13392123021901636,Peliyagoda,Style
total,mean_13,tuning_series,11.805773076923083,17.73210008051457,-0.02375461507142318,0.0821781389622641,0.07908287007731393,Peliyagoda,Style
total,mean_26,tuning_series,11.33236153846154,17.577011829202796,-0.005925030736888104,0.07888279532482978,0.07578411792952532,Peliyagoda,Style
total,seasonal_52,tuning_series,14.723700000000003,22.50952094114844,-0.6497116047162985,0.10248937166205802,0.10061268578072999,Peliyagoda,Style
total,ridge_1,tuning_series,10.917534106053433,14.375991378550003,0.32709906423092505,0.07599524648210058,0.07487581752374367,Peliyagoda,Style
total,ridge_30,tuning_series,11.921774379668603,16.264867470126863,0.13865609930934908,0.0829856058782138,0.0827269960610844,Peliyagoda,Style
total,ridge_100,tuning_series,12.021329907861467,16.847995765996224,0.07578712484333605,0.08367859633101919,0.08348543396171457,Peliyagoda,Style
total,daily_catboost,tuning_series,10.221175474979006,14.1825222230837,0.34508872030508764,0.07114800302085994,0.07020820218989862,Peliyagoda,Style
total,weekly_catboost,tuning_series,11.53408080704571,14.72253286958995,0.294266732387495,0.0802869315874079,0.07749458538350829,Peliyagoda,Style
total,daily_lightgbm,tuning_series,10.326327436914491,15.342853273468103,0.23354301121497834,0.0718799493731899,0.07017761441695108,Peliyagoda,Style
total,mean_4,tuning_series,8.200349999999998,9.766513873307098,-0.2735591676580993,0.25521892647674416,0.27111662356582167,Peliyagoda,Tech
total,mean_13,tuning_series,8.369957692307691,10.074053423502667,-0.35502866641662756,0.260497614966012,0.27666254533667795,Peliyagoda,Tech
total,mean_26,tuning_series,8.029926923076921,9.260872624760662,-0.14510103078660652,0.24991486082842776,0.26631788798028433,Peliyagoda,Tech
total,seasonal_52,tuning_series,8.380600000000001,10.117838143595694,-0.36683294816573997,0.2608288347730283,0.28141417784315303,Peliyagoda,Tech
total,ridge_1,tuning_series,6.43528638391011,8.178414411916988,0.10694499244305167,0.20028497350380745,0.2155339821707986,Peliyagoda,Tech
total,ridge_30,tuning_series,7.008352142381897,8.487299112371273,0.03821278477757539,0.2181204595108377,0.2334877617106057,Peliyagoda,Tech
total,ridge_100,tuning_series,7.268167441416397,8.57609604940072,0.017982433786537078,0.22620667311169856,0.2419800777490196,Peliyagoda,Tech
total,daily_catboost,tuning_series,8.213084485522248,9.536941695914635,-0.21439015839033293,0.25561526098981036,0.2740838350336023,Peliyagoda,Tech
total,weekly_catboost,tuning_series,7.544244938804321,8.919263025806302,-0.06217952714431996,0.2347990139883358,0.2504597809814998,Peliyagoda,Tech
total,daily_lightgbm,tuning_series,7.062642888390928,8.852029843637776,-0.046226515767146203,0.21981014664785584,0.2355919367341286,Peliyagoda,Tech
total,mean_4,tuning_series,30.498200000000015,37.6751885225874,-0.07090279458566573,0.05823325532798907,0.057801640524645356,Kandy,Fresh
total,mean_13,tuning_series,28.82934615384615,37.01845962453561,-0.03389365554069257,0.05504674621833097,0.05466728290777625,Kandy,Fresh
total,mean_26,tuning_series,28.834180769230766,37.54409194307448,-0.0634630210012781,0.05505597743171751,0.054686146659701604,Kandy,Fresh
total,seasonal_52,tuning_series,42.2589,55.610353543202734,-1.333192092120739,0.0806891329186626,0.08204986885749702,Kandy,Fresh
total,ridge_1,tuning_series,32.947352629057626,40.171867281582955,-0.21753995501448253,0.0629096667353878,0.06403330195830059,Kandy,Fresh
total,ridge_30,tuning_series,33.18183387196019,41.297291606033504,-0.28671488268284495,0.06335738516098566,0.06447404977118615,Kandy,Fresh
total,ridge_100,tuning_series,33.13790368013595,41.91653645323287,-0.32559227133757984,0.06327350486388261,0.06434950647258111,Kandy,Fresh
total,daily_catboost,tuning_series,33.19538995760392,39.54279946317442,-0.17970659729888427,0.06338326914746813,0.0644962857739563,Kandy,Fresh
total,weekly_catboost,tuning_series,29.024816304680392,35.662091815892964,0.040482696092661974,0.05541997687464942,0.05571527899365666,Kandy,Fresh
total,daily_lightgbm,tuning_series,39.12999226131378,46.29060926328925,-0.6166833936591329,0.07471479727771871,0.07703457608723914,Kandy,Fresh
total,mean_4,tuning_series,14.901975000000004,16.67024291308468,-2.494526348469111,0.183246989122228,0.17255797963245895,Kandy,Style
total,mean_13,tuning_series,6.9750692307692335,9.189496484329434,-0.06191045031998321,0.08577121055816807,0.0851767721354288,Kandy,Style
total,mean_26,tuning_series,7.083123076923075,9.212587029961528,-0.06725370230335281,0.08709992987025708,0.08650039732648046,Kandy,Style
total,seasonal_52,tuning_series,11.882299999999999,15.60537800567484,-2.062337473030252,0.1461145719843879,0.1377777255820499,Kandy,Style
total,ridge_1,tuning_series,7.0013500535016675,9.64667453283101,-0.17019898004121936,0.08609438125449345,0.08677105628314256,Kandy,Style
total,ridge_30,tuning_series,7.4016963140928755,10.394822054945934,-0.358746946954283,0.09101736943959521,0.09157546843512018,Kandy,Style
total,ridge_100,tuning_series,7.639158261566381,10.476057797855152,-0.38006720109870273,0.09393739761744549,0.09414714744345143,Kandy,Style
total,daily_catboost,tuning_series,7.08801330620553,9.650529021563953,-0.1711343116717814,0.08716006416736384,0.08908015008573336,Kandy,Style
total,weekly_catboost,tuning_series,7.263156689778567,8.72464554479125,0.04280582566275004,0.08931377182721688,0.08861314733121237,Kandy,Style
total,daily_lightgbm,tuning_series,7.887198492334889,10.041164225927053,-0.2678638030875402,0.0969875051011523,0.09712956171077781,Kandy,Style
total,mean_4,tuning_series,10.144499999999999,12.60515609507673,-0.39001643090859117,0.4146569765540694,0.4146547324284254,Kandy,Tech
total,mean_13,tuning_series,9.087707692307692,10.807528926468331,-0.021824451771793818,0.37146053482177205,0.375244886492827,Kandy,Tech
total,mean_26,tuning_series,9.027099999999999,11.332253879874429,-0.1234560023201885,0.3689831921781497,0.3714530912662835,Kandy,Tech
total,seasonal_52,tuning_series,12.088400000000002,15.473830750657706,-1.0946871204880315,0.49411399234819,0.49232001246437457,Kandy,Tech
total,ridge_1,tuning_series,10.989187440047061,13.855079304637904,-0.6793511254791027,0.44918362055063027,0.4488293134964607,Kandy,Tech
total,ridge_30,tuning_series,11.038435007361477,13.672479509285242,-0.6353775819981795,0.45119661748150297,0.45578594796932703,Kandy,Tech
total,ridge_100,tuning_series,10.664942386870024,13.181321492503391,-0.51999228265144,0.43593008677242495,0.44216497292007856,Kandy,Tech
total,daily_catboost,tuning_series,9.37479391165085,11.839400883677113,-0.22626103868837855,0.38319519929248747,0.3867150680762156,Kandy,Tech
total,weekly_catboost,tuning_series,8.760362958133552,10.970676859019887,-0.05290775388890023,0.35808030141810065,0.3598795435411093,Kandy,Tech
total,daily_lightgbm,tuning_series,9.62404675977616,12.663866129676599,-0.40299492343712906,0.3933834227043,0.3941199031307576,Kandy,Tech
chilled,mean_4,tuning,15.994550000000004,20.35653421332141,0.9466763641502428,0.05865481777897899,0.06061613544813926,,
chilled,mean_13,tuning,16.3237769230769,19.833507704381564,0.9493812829680471,0.0598621506005344,0.059958908918921916,,
chilled,mean_26,tuning,14.44098846153847,19.570064340619986,0.95071706295247,0.0529576353670392,0.05336654213902323,,
chilled,seasonal_52,tuning,21.23075,27.697495310045635,0.9012827451279127,0.07785688078508354,0.08144663325990892,,
chilled,ridge_1,tuning,17.60197647087677,21.177813375128068,0.9422869124788321,0.06454953233752449,0.06628976211974577,,
chilled,ridge_30,tuning,17.34238846190247,21.36484158703397,0.9412630449115043,0.06359757761769833,0.06524945884239348,,
chilled,ridge_100,tuning,16.589108394407383,20.795822551744692,0.9443501137471717,0.060835167603320854,0.0625530573464027,,
chilled,daily_catboost,tuning,16.99655856120857,19.089881003862565,0.9531058662829129,0.062329358767669846,0.06516379159900473,,
chilled,weekly_catboost,tuning,16.216535210200227,18.6310465787175,0.9553330212325227,0.059468876446082626,0.061920262608580814,,
chilled,daily_lightgbm,tuning,18.003060809075276,19.872608687866286,0.9491815005950174,0.06602037889282213,0.06906527622297473,,
chilled,mean_4,tuning_series,19.1633,24.627510139196986,-0.16536476807062606,0.053395982003414416,0.05314970185361476,Peliyagoda,Fresh
chilled,mean_13,tuning_series,21.089538461538424,24.460568990851627,-0.14961912850935755,0.05876318881156282,0.058377070372405374,Peliyagoda,Fresh
chilled,mean_26,tuning_series,18.507876923076942,24.392782050211345,-0.1432561381703361,0.05156973293253382,0.051368582007620345,Peliyagoda,Fresh
chilled,seasonal_52,tuning_series,26.748650000000005,33.62859886540027,-1.1728933795346377,0.0745315490555192,0.07659245762248419,Peliyagoda,Fresh
chilled,ridge_1,tuning_series,22.98569290600267,26.34052055712255,-0.33312102559271706,0.06404657051473017,0.06562963414232068,Peliyagoda,Fresh
chilled,ridge_30,tuning_series,22.63174376484053,26.610949247177235,-0.36063489395316073,0.06306033839543873,0.06451548864658087,Peliyagoda,Fresh
chilled,ridge_100,tuning_series,21.47741900580216,25.86483887028644,-0.2854063041080013,0.05984396626434919,0.061106067236651386,Peliyagoda,Fresh
chilled,daily_catboost,tuning_series,21.462224116370574,23.52182923211081,-0.06307292254877184,0.05980162772961703,0.06127833786041724,Peliyagoda,Fresh
chilled,weekly_catboost,tuning_series,20.341730592769004,22.883528025950653,-0.0061595060959172,0.05667952182817146,0.057716146440579694,Peliyagoda,Fresh
chilled,daily_lightgbm,tuning_series,22.693331192456355,24.32031429550576,-0.13647330067706975,0.06323194355616843,0.06483945684796845,Peliyagoda,Fresh
chilled,mean_4,tuning_series,12.82580000000001,14.908477947127944,-0.3824800268454178,0.06877524953267926,0.06808256904266377,Kandy,Fresh
chilled,mean_13,tuning_series,11.558015384615368,13.726493374613684,-0.17195641531501593,0.061977061249938965,0.06154074746543846,Kandy,Fresh
chilled,mean_26,tuning_series,10.374099999999995,13.075435764933392,-0.06341943735640121,0.055628601426575115,0.05536450227042612,Kandy,Fresh
chilled,seasonal_52,tuning_series,15.712849999999992,20.085313820052697,-1.5092821343843381,0.08425635668882706,0.08630080889733363,Kandy,Fresh
chilled,ridge_1,tuning_series,12.21826003575087,14.254000683433084,-0.263763481915783,0.06551746345755649,0.06694989009717087,Kandy,Fresh
chilled,ridge_30,tuning_series,12.053033158964412,14.309797072015717,-0.2736766915599844,0.06463147430440473,0.06598342903820612,Kandy,Fresh
chilled,ridge_100,tuning_series,11.70079778301261,13.99794918627103,-0.2187680942765564,0.06274269731775889,0.06400004745615404,Kandy,Fresh
chilled,daily_catboost,tuning_series,12.53089300604657,13.250308036369683,-0.0920542174887582,0.06719388212494797,0.0690492453375922,Kandy,Fresh
chilled,weekly_catboost,tuning_series,12.091339827631453,13.060472362139615,-0.060986896111526745,0.0648368845475351,0.06612437877658192,Kandy,Fresh
chilled,daily_lightgbm,tuning_series,13.312790425694198,14.084156513257557,-0.2338260529204792,0.07138661787205329,0.07329109559798103,Kandy,Fresh
total,frozen_ensemble,holdout,18.11271759110402,28.614784359918165,0.993372885444162,0.06083282654191751,0.1376382484057112,,
chilled,frozen_ensemble,holdout,14.299985976044411,17.737322890603217,0.957924155835012,0.05239825193413647,0.05001399647879621,,
