depot,candidate,origin,week_start,actual,prediction
Kandy,mean_4,2025-09-01,2025-09-01,31.331,26.899250000000002
Kandy,mean_4,2025-09-01,2025-09-08,14.948999999999998,26.899250000000002
Kandy,mean_4,2025-09-01,2025-09-15,17.939,26.899250000000002
Kandy,mean_4,2025-09-01,2025-09-22,30.413,26.899250000000002
Kandy,mean_4,2025-09-01,2025-09-29,32.41,26.899250000000002
Kandy,mean_4,2025-09-01,2025-10-06,19.755000000000003,26.899250000000002
Kandy,mean_4,2025-09-01,2025-10-13,14.68,26.899250000000002
Kandy,mean_4,2025-09-01,2025-10-20,14.385,26.899250000000002
Kandy,mean_4,2025-09-01,2025-10-27,23.381,26.899250000000002
Kandy,mean_4,2025-09-01,2025-11-03,20.287999999999997,26.899250000000002
Kandy,mean_13,2025-09-01,2025-09-01,31.331,20.894076923076923
Kandy,mean_13,2025-09-01,2025-09-08,14.948999999999998,20.894076923076923
Kandy,mean_13,2025-09-01,2025-09-15,17.939,20.894076923076923
Kandy,mean_13,2025-09-01,2025-09-22,30.413,20.894076923076923
Kandy,mean_13,2025-09-01,2025-09-29,32.41,20.894076923076923
Kandy,mean_13,2025-09-01,2025-10-06,19.755000000000003,20.894076923076923
Kandy,mean_13,2025-09-01,2025-10-13,14.68,20.894076923076923
Kandy,mean_13,2025-09-01,2025-10-20,14.385,20.894076923076923
Kandy,mean_13,2025-09-01,2025-10-27,23.381,20.894076923076923
Kandy,mean_13,2025-09-01,2025-11-03,20.287999999999997,20.894076923076923
Kandy,mean_26,2025-09-01,2025-09-01,31.331,20.00157692307692
Kandy,mean_26,2025-09-01,2025-09-08,14.948999999999998,20.00157692307692
Kandy,mean_26,2025-09-01,2025-09-15,17.939,20.00157692307692
Kandy,mean_26,2025-09-01,2025-09-22,30.413,20.00157692307692
Kandy,mean_26,2025-09-01,2025-09-29,32.41,20.00157692307692
Kandy,mean_26,2025-09-01,2025-10-06,19.755000000000003,20.00157692307692
Kandy,mean_26,2025-09-01,2025-10-13,14.68,20.00157692307692
Kandy,mean_26,2025-09-01,2025-10-20,14.385,20.00157692307692
Kandy,mean_26,2025-09-01,2025-10-27,23.381,20.00157692307692
Kandy,mean_26,2025-09-01,2025-11-03,20.287999999999997,20.00157692307692
Kandy,mean_52,2025-09-01,2025-09-01,31.331,21.282519230769232
Kandy,mean_52,2025-09-01,2025-09-08,14.948999999999998,21.282519230769232
Kandy,mean_52,2025-09-01,2025-09-15,17.939,21.282519230769232
Kandy,mean_52,2025-09-01,2025-09-22,30.413,21.282519230769232
Kandy,mean_52,2025-09-01,2025-09-29,32.41,21.282519230769232
Kandy,mean_52,2025-09-01,2025-10-06,19.755000000000003,21.282519230769232
Kandy,mean_52,2025-09-01,2025-10-13,14.68,21.282519230769232
Kandy,mean_52,2025-09-01,2025-10-20,14.385,21.282519230769232
Kandy,mean_52,2025-09-01,2025-10-27,23.381,21.282519230769232
Kandy,mean_52,2025-09-01,2025-11-03,20.287999999999997,21.282519230769232
Kandy,median_13,2025-09-01,2025-09-01,31.331,22.906
Kandy,median_13,2025-09-01,2025-09-08,14.948999999999998,22.906
Kandy,median_13,2025-09-01,2025-09-15,17.939,22.906
Kandy,median_13,2025-09-01,2025-09-22,30.413,22.906
Kandy,median_13,2025-09-01,2025-09-29,32.41,22.906
Kandy,median_13,2025-09-01,2025-10-06,19.755000000000003,22.906
Kandy,median_13,2025-09-01,2025-10-13,14.68,22.906
Kandy,median_13,2025-09-01,2025-10-20,14.385,22.906
Kandy,median_13,2025-09-01,2025-10-27,23.381,22.906
Kandy,median_13,2025-09-01,2025-11-03,20.287999999999997,22.906
Kandy,ewma_8,2025-09-01,2025-09-01,31.331,24.062575133177276
Kandy,ewma_8,2025-09-01,2025-09-08,14.948999999999998,24.062575133177276
Kandy,ewma_8,2025-09-01,2025-09-15,17.939,24.062575133177276
Kandy,ewma_8,2025-09-01,2025-09-22,30.413,24.062575133177276
Kandy,ewma_8,2025-09-01,2025-09-29,32.41,24.062575133177276
Kandy,ewma_8,2025-09-01,2025-10-06,19.755000000000003,24.062575133177276
Kandy,ewma_8,2025-09-01,2025-10-13,14.68,24.062575133177276
Kandy,ewma_8,2025-09-01,2025-10-20,14.385,24.062575133177276
Kandy,ewma_8,2025-09-01,2025-10-27,23.381,24.062575133177276
Kandy,ewma_8,2025-09-01,2025-11-03,20.287999999999997,24.062575133177276
Kandy,ewma_13,2025-09-01,2025-09-01,31.331,22.71137238251908
Kandy,ewma_13,2025-09-01,2025-09-08,14.948999999999998,22.71137238251908
Kandy,ewma_13,2025-09-01,2025-09-15,17.939,22.71137238251908
Kandy,ewma_13,2025-09-01,2025-09-22,30.413,22.71137238251908
Kandy,ewma_13,2025-09-01,2025-09-29,32.41,22.71137238251908
Kandy,ewma_13,2025-09-01,2025-10-06,19.755000000000003,22.71137238251908
Kandy,ewma_13,2025-09-01,2025-10-13,14.68,22.71137238251908
Kandy,ewma_13,2025-09-01,2025-10-20,14.385,22.71137238251908
Kandy,ewma_13,2025-09-01,2025-10-27,23.381,22.71137238251908
Kandy,ewma_13,2025-09-01,2025-11-03,20.287999999999997,22.71137238251908
Kandy,mean_13_prior_bias,2025-09-01,2025-09-01,31.331,22.812988165680476
Kandy,mean_13_prior_bias,2025-09-01,2025-09-08,14.948999999999998,22.812988165680476
Kandy,mean_13_prior_bias,2025-09-01,2025-09-15,17.939,22.812988165680476
Kandy,mean_13_prior_bias,2025-09-01,2025-09-22,30.413,22.812988165680476
Kandy,mean_13_prior_bias,2025-09-01,2025-09-29,32.41,22.812988165680476
Kandy,mean_13_prior_bias,2025-09-01,2025-10-06,19.755000000000003,22.812988165680476
Kandy,mean_13_prior_bias,2025-09-01,2025-10-13,14.68,22.812988165680476
Kandy,mean_13_prior_bias,2025-09-01,2025-10-20,14.385,22.812988165680476
Kandy,mean_13_prior_bias,2025-09-01,2025-10-27,23.381,22.812988165680476
Kandy,mean_13_prior_bias,2025-09-01,2025-11-03,20.287999999999997,22.812988165680476
Kandy,mean_26_prior_bias,2025-09-01,2025-09-01,31.331,21.728494082840236
Kandy,mean_26_prior_bias,2025-09-01,2025-09-08,14.948999999999998,21.728494082840236
Kandy,mean_26_prior_bias,2025-09-01,2025-09-15,17.939,21.728494082840236
Kandy,mean_26_prior_bias,2025-09-01,2025-09-22,30.413,21.728494082840236
Kandy,mean_26_prior_bias,2025-09-01,2025-09-29,32.41,21.728494082840236
Kandy,mean_26_prior_bias,2025-09-01,2025-10-06,19.755000000000003,21.728494082840236
Kandy,mean_26_prior_bias,2025-09-01,2025-10-13,14.68,21.728494082840236
Kandy,mean_26_prior_bias,2025-09-01,2025-10-20,14.385,21.728494082840236
Kandy,mean_26_prior_bias,2025-09-01,2025-10-27,23.381,21.728494082840236
Kandy,mean_26_prior_bias,2025-09-01,2025-11-03,20.287999999999997,21.728494082840236
Kandy,mean_4,2025-11-10,2025-11-10,15.143,18.1835
Kandy,mean_4,2025-11-10,2025-11-17,19.228,18.1835
Kandy,mean_4,2025-11-10,2025-11-24,39.003,18.1835
Kandy,mean_4,2025-11-10,2025-12-01,11.042,18.1835
Kandy,mean_4,2025-11-10,2025-12-08,13.781,18.1835
Kandy,mean_4,2025-11-10,2025-12-15,32.617,18.1835
Kandy,mean_4,2025-11-10,2025-12-22,47.798,18.1835
Kandy,mean_4,2025-11-10,2025-12-29,37.369,18.1835
Kandy,mean_4,2025-11-10,2026-01-05,13.475000000000001,18.1835
Kandy,mean_4,2025-11-10,2026-01-12,40.309000000000005,18.1835
Kandy,mean_13,2025-11-10,2025-11-10,15.143,22.91630769230769
Kandy,mean_13,2025-11-10,2025-11-17,19.228,22.91630769230769
Kandy,mean_13,2025-11-10,2025-11-24,39.003,22.91630769230769
Kandy,mean_13,2025-11-10,2025-12-01,11.042,22.91630769230769
Kandy,mean_13,2025-11-10,2025-12-08,13.781,22.91630769230769
Kandy,mean_13,2025-11-10,2025-12-15,32.617,22.91630769230769
Kandy,mean_13,2025-11-10,2025-12-22,47.798,22.91630769230769
Kandy,mean_13,2025-11-10,2025-12-29,37.369,22.91630769230769
Kandy,mean_13,2025-11-10,2026-01-05,13.475000000000001,22.91630769230769
Kandy,mean_13,2025-11-10,2026-01-12,40.309000000000005,22.91630769230769
Kandy,mean_26,2025-11-10,2025-11-10,15.143,20.891038461538457
Kandy,mean_26,2025-11-10,2025-11-17,19.228,20.891038461538457
Kandy,mean_26,2025-11-10,2025-11-24,39.003,20.891038461538457
Kandy,mean_26,2025-11-10,2025-12-01,11.042,20.891038461538457
Kandy,mean_26,2025-11-10,2025-12-08,13.781,20.891038461538457
Kandy,mean_26,2025-11-10,2025-12-15,32.617,20.891038461538457
Kandy,mean_26,2025-11-10,2025-12-22,47.798,20.891038461538457
Kandy,mean_26,2025-11-10,2025-12-29,37.369,20.891038461538457
Kandy,mean_26,2025-11-10,2026-01-05,13.475000000000001,20.891038461538457
Kandy,mean_26,2025-11-10,2026-01-12,40.309000000000005,20.891038461538457
Kandy,mean_52,2025-11-10,2025-11-10,15.143,20.33130769230769
Kandy,mean_52,2025-11-10,2025-11-17,19.228,20.33130769230769
Kandy,mean_52,2025-11-10,2025-11-24,39.003,20.33130769230769
Kandy,mean_52,2025-11-10,2025-12-01,11.042,20.33130769230769
Kandy,mean_52,2025-11-10,2025-12-08,13.781,20.33130769230769
Kandy,mean_52,2025-11-10,2025-12-15,32.617,20.33130769230769
Kandy,mean_52,2025-11-10,2025-12-22,47.798,20.33130769230769
Kandy,mean_52,2025-11-10,2025-12-29,37.369,20.33130769230769
Kandy,mean_52,2025-11-10,2026-01-05,13.475000000000001,20.33130769230769
Kandy,mean_52,2025-11-10,2026-01-12,40.309000000000005,20.33130769230769
Kandy,median_13,2025-11-10,2025-11-10,15.143,22.906
Kandy,median_13,2025-11-10,2025-11-17,19.228,22.906
Kandy,median_13,2025-11-10,2025-11-24,39.003,22.906
Kandy,median_13,2025-11-10,2025-12-01,11.042,22.906
Kandy,median_13,2025-11-10,2025-12-08,13.781,22.906
Kandy,median_13,2025-11-10,2025-12-15,32.617,22.906
Kandy,median_13,2025-11-10,2025-12-22,47.798,22.906
Kandy,median_13,2025-11-10,2025-12-29,37.369,22.906
Kandy,median_13,2025-11-10,2026-01-05,13.475000000000001,22.906
Kandy,median_13,2025-11-10,2026-01-12,40.309000000000005,22.906
Kandy,ewma_8,2025-11-10,2025-11-10,15.143,20.97680054652724
Kandy,ewma_8,2025-11-10,2025-11-17,19.228,20.97680054652724
Kandy,ewma_8,2025-11-10,2025-11-24,39.003,20.97680054652724
Kandy,ewma_8,2025-11-10,2025-12-01,11.042,20.97680054652724
Kandy,ewma_8,2025-11-10,2025-12-08,13.781,20.97680054652724
Kandy,ewma_8,2025-11-10,2025-12-15,32.617,20.97680054652724
Kandy,ewma_8,2025-11-10,2025-12-22,47.798,20.97680054652724
Kandy,ewma_8,2025-11-10,2025-12-29,37.369,20.97680054652724
Kandy,ewma_8,2025-11-10,2026-01-05,13.475000000000001,20.97680054652724
Kandy,ewma_8,2025-11-10,2026-01-12,40.309000000000005,20.97680054652724
Kandy,ewma_13,2025-11-10,2025-11-10,15.143,21.45280867517331
Kandy,ewma_13,2025-11-10,2025-11-17,19.228,21.45280867517331
Kandy,ewma_13,2025-11-10,2025-11-24,39.003,21.45280867517331
Kandy,ewma_13,2025-11-10,2025-12-01,11.042,21.45280867517331
Kandy,ewma_13,2025-11-10,2025-12-08,13.781,21.45280867517331
Kandy,ewma_13,2025-11-10,2025-12-15,32.617,21.45280867517331
Kandy,ewma_13,2025-11-10,2025-12-22,47.798,21.45280867517331
Kandy,ewma_13,2025-11-10,2025-12-29,37.369,21.45280867517331
Kandy,ewma_13,2025-11-10,2026-01-05,13.475000000000001,21.45280867517331
Kandy,ewma_13,2025-11-10,2026-01-12,40.309000000000005,21.45280867517331
Kandy,mean_13_prior_bias,2025-11-10,2025-11-10,15.143,23.41681065088757
Kandy,mean_13_prior_bias,2025-11-10,2025-11-17,19.228,23.41681065088757
Kandy,mean_13_prior_bias,2025-11-10,2025-11-24,39.003,23.41681065088757
Kandy,mean_13_prior_bias,2025-11-10,2025-12-01,11.042,23.41681065088757
Kandy,mean_13_prior_bias,2025-11-10,2025-12-08,13.781,23.41681065088757
Kandy,mean_13_prior_bias,2025-11-10,2025-12-15,32.617,23.41681065088757
Kandy,mean_13_prior_bias,2025-11-10,2025-12-22,47.798,23.41681065088757
Kandy,mean_13_prior_bias,2025-11-10,2025-12-29,37.369,23.41681065088757
Kandy,mean_13_prior_bias,2025-11-10,2026-01-05,13.475000000000001,23.41681065088757
Kandy,mean_13_prior_bias,2025-11-10,2026-01-12,40.309000000000005,23.41681065088757
Kandy,mean_26_prior_bias,2025-11-10,2025-11-10,15.143,23.231071005917155
Kandy,mean_26_prior_bias,2025-11-10,2025-11-17,19.228,23.231071005917155
Kandy,mean_26_prior_bias,2025-11-10,2025-11-24,39.003,23.231071005917155
Kandy,mean_26_prior_bias,2025-11-10,2025-12-01,11.042,23.231071005917155
Kandy,mean_26_prior_bias,2025-11-10,2025-12-08,13.781,23.231071005917155
Kandy,mean_26_prior_bias,2025-11-10,2025-12-15,32.617,23.231071005917155
Kandy,mean_26_prior_bias,2025-11-10,2025-12-22,47.798,23.231071005917155
Kandy,mean_26_prior_bias,2025-11-10,2025-12-29,37.369,23.231071005917155
Kandy,mean_26_prior_bias,2025-11-10,2026-01-05,13.475000000000001,23.231071005917155
Kandy,mean_26_prior_bias,2025-11-10,2026-01-12,40.309000000000005,23.231071005917155
Peliyagoda,mean_4,2025-09-01,2025-09-01,16.038,31.47475
Peliyagoda,mean_4,2025-09-01,2025-09-08,23.003,31.47475
Peliyagoda,mean_4,2025-09-01,2025-09-15,38.756,31.47475
Peliyagoda,mean_4,2025-09-01,2025-09-22,14.959,31.47475
Peliyagoda,mean_4,2025-09-01,2025-09-29,37.007,31.47475
Peliyagoda,mean_4,2025-09-01,2025-10-06,34.512,31.47475
Peliyagoda,mean_4,2025-09-01,2025-10-13,35.474999999999994,31.47475
Peliyagoda,mean_4,2025-09-01,2025-10-20,33.684,31.47475
Peliyagoda,mean_4,2025-09-01,2025-10-27,22.358,31.47475
Peliyagoda,mean_4,2025-09-01,2025-11-03,22.1,31.47475
Peliyagoda,mean_13,2025-09-01,2025-09-01,16.038,32.12107692307693
Peliyagoda,mean_13,2025-09-01,2025-09-08,23.003,32.12107692307693
Peliyagoda,mean_13,2025-09-01,2025-09-15,38.756,32.12107692307693
Peliyagoda,mean_13,2025-09-01,2025-09-22,14.959,32.12107692307693
Peliyagoda,mean_13,2025-09-01,2025-09-29,37.007,32.12107692307693
Peliyagoda,mean_13,2025-09-01,2025-10-06,34.512,32.12107692307693
Peliyagoda,mean_13,2025-09-01,2025-10-13,35.474999999999994,32.12107692307693
Peliyagoda,mean_13,2025-09-01,2025-10-20,33.684,32.12107692307693
Peliyagoda,mean_13,2025-09-01,2025-10-27,22.358,32.12107692307693
Peliyagoda,mean_13,2025-09-01,2025-11-03,22.1,32.12107692307693
Peliyagoda,mean_26,2025-09-01,2025-09-01,16.038,28.806269230769235
Peliyagoda,mean_26,2025-09-01,2025-09-08,23.003,28.806269230769235
Peliyagoda,mean_26,2025-09-01,2025-09-15,38.756,28.806269230769235
Peliyagoda,mean_26,2025-09-01,2025-09-22,14.959,28.806269230769235
Peliyagoda,mean_26,2025-09-01,2025-09-29,37.007,28.806269230769235
Peliyagoda,mean_26,2025-09-01,2025-10-06,34.512,28.806269230769235
Peliyagoda,mean_26,2025-09-01,2025-10-13,35.474999999999994,28.806269230769235
Peliyagoda,mean_26,2025-09-01,2025-10-20,33.684,28.806269230769235
Peliyagoda,mean_26,2025-09-01,2025-10-27,22.358,28.806269230769235
Peliyagoda,mean_26,2025-09-01,2025-11-03,22.1,28.806269230769235
Peliyagoda,mean_52,2025-09-01,2025-09-01,16.038,29.02313461538462
Peliyagoda,mean_52,2025-09-01,2025-09-08,23.003,29.02313461538462
Peliyagoda,mean_52,2025-09-01,2025-09-15,38.756,29.02313461538462
Peliyagoda,mean_52,2025-09-01,2025-09-22,14.959,29.02313461538462
Peliyagoda,mean_52,2025-09-01,2025-09-29,37.007,29.02313461538462
Peliyagoda,mean_52,2025-09-01,2025-10-06,34.512,29.02313461538462
Peliyagoda,mean_52,2025-09-01,2025-10-13,35.474999999999994,29.02313461538462
Peliyagoda,mean_52,2025-09-01,2025-10-20,33.684,29.02313461538462
Peliyagoda,mean_52,2025-09-01,2025-10-27,22.358,29.02313461538462
Peliyagoda,mean_52,2025-09-01,2025-11-03,22.1,29.02313461538462
Peliyagoda,median_13,2025-09-01,2025-09-01,16.038,32.014
Peliyagoda,median_13,2025-09-01,2025-09-08,23.003,32.014
Peliyagoda,median_13,2025-09-01,2025-09-15,38.756,32.014
Peliyagoda,median_13,2025-09-01,2025-09-22,14.959,32.014
Peliyagoda,median_13,2025-09-01,2025-09-29,37.007,32.014
Peliyagoda,median_13,2025-09-01,2025-10-06,34.512,32.014
Peliyagoda,median_13,2025-09-01,2025-10-13,35.474999999999994,32.014
Peliyagoda,median_13,2025-09-01,2025-10-20,33.684,32.014
Peliyagoda,median_13,2025-09-01,2025-10-27,22.358,32.014
Peliyagoda,median_13,2025-09-01,2025-11-03,22.1,32.014
Peliyagoda,ewma_8,2025-09-01,2025-09-01,16.038,32.3387612876855
Peliyagoda,ewma_8,2025-09-01,2025-09-08,23.003,32.3387612876855
Peliyagoda,ewma_8,2025-09-01,2025-09-15,38.756,32.3387612876855
Peliyagoda,ewma_8,2025-09-01,2025-09-22,14.959,32.3387612876855
Peliyagoda,ewma_8,2025-09-01,2025-09-29,37.007,32.3387612876855
Peliyagoda,ewma_8,2025-09-01,2025-10-06,34.512,32.3387612876855
Peliyagoda,ewma_8,2025-09-01,2025-10-13,35.474999999999994,32.3387612876855
Peliyagoda,ewma_8,2025-09-01,2025-10-20,33.684,32.3387612876855
Peliyagoda,ewma_8,2025-09-01,2025-10-27,22.358,32.3387612876855
Peliyagoda,ewma_8,2025-09-01,2025-11-03,22.1,32.3387612876855
Peliyagoda,ewma_13,2025-09-01,2025-09-01,16.038,31.525658949661274
Peliyagoda,ewma_13,2025-09-01,2025-09-08,23.003,31.525658949661274
Peliyagoda,ewma_13,2025-09-01,2025-09-15,38.756,31.525658949661274
Peliyagoda,ewma_13,2025-09-01,2025-09-22,14.959,31.525658949661274
Peliyagoda,ewma_13,2025-09-01,2025-09-29,37.007,31.525658949661274
Peliyagoda,ewma_13,2025-09-01,2025-10-06,34.512,31.525658949661274
Peliyagoda,ewma_13,2025-09-01,2025-10-13,35.474999999999994,31.525658949661274
Peliyagoda,ewma_13,2025-09-01,2025-10-20,33.684,31.525658949661274
Peliyagoda,ewma_13,2025-09-01,2025-10-27,22.358,31.525658949661274
Peliyagoda,ewma_13,2025-09-01,2025-11-03,22.1,31.525658949661274
Peliyagoda,mean_13_prior_bias,2025-09-01,2025-09-01,16.038,36.006195266272194
Peliyagoda,mean_13_prior_bias,2025-09-01,2025-09-08,23.003,36.006195266272194
Peliyagoda,mean_13_prior_bias,2025-09-01,2025-09-15,38.756,36.006195266272194
Peliyagoda,mean_13_prior_bias,2025-09-01,2025-09-22,14.959,36.006195266272194
Peliyagoda,mean_13_prior_bias,2025-09-01,2025-09-29,37.007,36.006195266272194
Peliyagoda,mean_13_prior_bias,2025-09-01,2025-10-06,34.512,36.006195266272194
Peliyagoda,mean_13_prior_bias,2025-09-01,2025-10-13,35.474999999999994,36.006195266272194
Peliyagoda,mean_13_prior_bias,2025-09-01,2025-10-20,33.684,36.006195266272194
Peliyagoda,mean_13_prior_bias,2025-09-01,2025-10-27,22.358,36.006195266272194
Peliyagoda,mean_13_prior_bias,2025-09-01,2025-11-03,22.1,36.006195266272194
Peliyagoda,mean_26_prior_bias,2025-09-01,2025-09-01,16.038,33.11846449704142
Peliyagoda,mean_26_prior_bias,2025-09-01,2025-09-08,23.003,33.11846449704142
Peliyagoda,mean_26_prior_bias,2025-09-01,2025-09-15,38.756,33.11846449704142
Peliyagoda,mean_26_prior_bias,2025-09-01,2025-09-22,14.959,33.11846449704142
Peliyagoda,mean_26_prior_bias,2025-09-01,2025-09-29,37.007,33.11846449704142
Peliyagoda,mean_26_prior_bias,2025-09-01,2025-10-06,34.512,33.11846449704142
Peliyagoda,mean_26_prior_bias,2025-09-01,2025-10-13,35.474999999999994,33.11846449704142
Peliyagoda,mean_26_prior_bias,2025-09-01,2025-10-20,33.684,33.11846449704142
Peliyagoda,mean_26_prior_bias,2025-09-01,2025-10-27,22.358,33.11846449704142
Peliyagoda,mean_26_prior_bias,2025-09-01,2025-11-03,22.1,33.11846449704142
Peliyagoda,mean_4,2025-11-10,2025-11-10,33.643,28.404249999999998
Peliyagoda,mean_4,2025-11-10,2025-11-17,27.228,28.404249999999998
Peliyagoda,mean_4,2025-11-10,2025-11-24,36.29,28.404249999999998
Peliyagoda,mean_4,2025-11-10,2025-12-01,38.16,28.404249999999998
Peliyagoda,mean_4,2025-11-10,2025-12-08,47.996,28.404249999999998
Peliyagoda,mean_4,2025-11-10,2025-12-15,45.477999999999994,28.404249999999998
Peliyagoda,mean_4,2025-11-10,2025-12-22,39.132999999999996,28.404249999999998
Peliyagoda,mean_4,2025-11-10,2025-12-29,31.409,28.404249999999998
Peliyagoda,mean_4,2025-11-10,2026-01-05,35.666,28.404249999999998
Peliyagoda,mean_4,2025-11-10,2026-01-12,29.718,28.404249999999998
Peliyagoda,mean_13,2025-11-10,2025-11-10,33.643,27.98023076923077
Peliyagoda,mean_13,2025-11-10,2025-11-17,27.228,27.98023076923077
Peliyagoda,mean_13,2025-11-10,2025-11-24,36.29,27.98023076923077
Peliyagoda,mean_13,2025-11-10,2025-12-01,38.16,27.98023076923077
Peliyagoda,mean_13,2025-11-10,2025-12-08,47.996,27.98023076923077
Peliyagoda,mean_13,2025-11-10,2025-12-15,45.477999999999994,27.98023076923077
Peliyagoda,mean_13,2025-11-10,2025-12-22,39.132999999999996,27.98023076923077
Peliyagoda,mean_13,2025-11-10,2025-12-29,31.409,27.98023076923077
Peliyagoda,mean_13,2025-11-10,2026-01-05,35.666,27.98023076923077
Peliyagoda,mean_13,2025-11-10,2026-01-12,29.718,27.98023076923077
Peliyagoda,mean_26,2025-11-10,2025-11-10,33.643,28.83030769230769
Peliyagoda,mean_26,2025-11-10,2025-11-17,27.228,28.83030769230769
Peliyagoda,mean_26,2025-11-10,2025-11-24,36.29,28.83030769230769
Peliyagoda,mean_26,2025-11-10,2025-12-01,38.16,28.83030769230769
Peliyagoda,mean_26,2025-11-10,2025-12-08,47.996,28.83030769230769
Peliyagoda,mean_26,2025-11-10,2025-12-15,45.477999999999994,28.83030769230769
Peliyagoda,mean_26,2025-11-10,2025-12-22,39.132999999999996,28.83030769230769
Peliyagoda,mean_26,2025-11-10,2025-12-29,31.409,28.83030769230769
Peliyagoda,mean_26,2025-11-10,2026-01-05,35.666,28.83030769230769
Peliyagoda,mean_26,2025-11-10,2026-01-12,29.718,28.83030769230769
Peliyagoda,mean_52,2025-11-10,2025-11-10,33.643,28.686211538461535
Peliyagoda,mean_52,2025-11-10,2025-11-17,27.228,28.686211538461535
Peliyagoda,mean_52,2025-11-10,2025-11-24,36.29,28.686211538461535
Peliyagoda,mean_52,2025-11-10,2025-12-01,38.16,28.686211538461535
Peliyagoda,mean_52,2025-11-10,2025-12-08,47.996,28.686211538461535
Peliyagoda,mean_52,2025-11-10,2025-12-15,45.477999999999994,28.686211538461535
Peliyagoda,mean_52,2025-11-10,2025-12-22,39.132999999999996,28.686211538461535
Peliyagoda,mean_52,2025-11-10,2025-12-29,31.409,28.686211538461535
Peliyagoda,mean_52,2025-11-10,2026-01-05,35.666,28.686211538461535
Peliyagoda,mean_52,2025-11-10,2026-01-12,29.718,28.686211538461535
Peliyagoda,median_13,2025-11-10,2025-11-10,33.643,24.973000000000003
Peliyagoda,median_13,2025-11-10,2025-11-17,27.228,24.973000000000003
Peliyagoda,median_13,2025-11-10,2025-11-24,36.29,24.973000000000003
Peliyagoda,median_13,2025-11-10,2025-12-01,38.16,24.973000000000003
Peliyagoda,median_13,2025-11-10,2025-12-08,47.996,24.973000000000003
Peliyagoda,median_13,2025-11-10,2025-12-15,45.477999999999994,24.973000000000003
Peliyagoda,median_13,2025-11-10,2025-12-22,39.132999999999996,24.973000000000003
Peliyagoda,median_13,2025-11-10,2025-12-29,31.409,24.973000000000003
Peliyagoda,median_13,2025-11-10,2026-01-05,35.666,24.973000000000003
Peliyagoda,median_13,2025-11-10,2026-01-12,29.718,24.973000000000003
Peliyagoda,ewma_8,2025-11-10,2025-11-10,33.643,28.054576688154263
Peliyagoda,ewma_8,2025-11-10,2025-11-17,27.228,28.054576688154263
Peliyagoda,ewma_8,2025-11-10,2025-11-24,36.29,28.054576688154263
Peliyagoda,ewma_8,2025-11-10,2025-12-01,38.16,28.054576688154263
Peliyagoda,ewma_8,2025-11-10,2025-12-08,47.996,28.054576688154263
Peliyagoda,ewma_8,2025-11-10,2025-12-15,45.477999999999994,28.054576688154263
Peliyagoda,ewma_8,2025-11-10,2025-12-22,39.132999999999996,28.054576688154263
Peliyagoda,ewma_8,2025-11-10,2025-12-29,31.409,28.054576688154263
Peliyagoda,ewma_8,2025-11-10,2026-01-05,35.666,28.054576688154263
Peliyagoda,ewma_8,2025-11-10,2026-01-12,29.718,28.054576688154263
Peliyagoda,ewma_13,2025-11-10,2025-11-10,33.643,28.73623451512453
Peliyagoda,ewma_13,2025-11-10,2025-11-17,27.228,28.73623451512453
Peliyagoda,ewma_13,2025-11-10,2025-11-24,36.29,28.73623451512453
Peliyagoda,ewma_13,2025-11-10,2025-12-01,38.16,28.73623451512453
Peliyagoda,ewma_13,2025-11-10,2025-12-08,47.996,28.73623451512453
Peliyagoda,ewma_13,2025-11-10,2025-12-15,45.477999999999994,28.73623451512453
Peliyagoda,ewma_13,2025-11-10,2025-12-22,39.132999999999996,28.73623451512453
Peliyagoda,ewma_13,2025-11-10,2025-12-29,31.409,28.73623451512453
Peliyagoda,ewma_13,2025-11-10,2026-01-05,35.666,28.73623451512453
Peliyagoda,ewma_13,2025-11-10,2026-01-12,29.718,28.73623451512453
Peliyagoda,mean_13_prior_bias,2025-11-10,2025-11-10,33.643,25.432059171597633
Peliyagoda,mean_13_prior_bias,2025-11-10,2025-11-17,27.228,25.432059171597633
Peliyagoda,mean_13_prior_bias,2025-11-10,2025-11-24,36.29,25.432059171597633
Peliyagoda,mean_13_prior_bias,2025-11-10,2025-12-01,38.16,25.432059171597633
Peliyagoda,mean_13_prior_bias,2025-11-10,2025-12-08,47.996,25.432059171597633
Peliyagoda,mean_13_prior_bias,2025-11-10,2025-12-15,45.477999999999994,25.432059171597633
Peliyagoda,mean_13_prior_bias,2025-11-10,2025-12-22,39.132999999999996,25.432059171597633
Peliyagoda,mean_13_prior_bias,2025-11-10,2025-12-29,31.409,25.432059171597633
Peliyagoda,mean_13_prior_bias,2025-11-10,2026-01-05,35.666,25.432059171597633
Peliyagoda,mean_13_prior_bias,2025-11-10,2026-01-12,29.718,25.432059171597633
Peliyagoda,mean_26_prior_bias,2025-11-10,2025-11-10,33.643,27.892313609467454
Peliyagoda,mean_26_prior_bias,2025-11-10,2025-11-17,27.228,27.892313609467454
Peliyagoda,mean_26_prior_bias,2025-11-10,2025-11-24,36.29,27.892313609467454
Peliyagoda,mean_26_prior_bias,2025-11-10,2025-12-01,38.16,27.892313609467454
Peliyagoda,mean_26_prior_bias,2025-11-10,2025-12-08,47.996,27.892313609467454
Peliyagoda,mean_26_prior_bias,2025-11-10,2025-12-15,45.477999999999994,27.892313609467454
Peliyagoda,mean_26_prior_bias,2025-11-10,2025-12-22,39.132999999999996,27.892313609467454
Peliyagoda,mean_26_prior_bias,2025-11-10,2025-12-29,31.409,27.892313609467454
Peliyagoda,mean_26_prior_bias,2025-11-10,2026-01-05,35.666,27.892313609467454
Peliyagoda,mean_26_prior_bias,2025-11-10,2026-01-12,29.718,27.892313609467454
