scenario,vehicle_id,trip_id,brand,district,orders,volume_m3,volume_cap_m3,weight_kg,weight_cap_kg,outbound_min,inter_stop_min,service_min,trip_minutes
S1,VEH003,1,Fresh,Gampaha,2,21.152,26.4,4094.7000000000003,5510,37,9,30.0,76.0
S1,VEH003,2,Fresh,Puttalam,1,8.659,26.4,1588.8,5510,173,0,15.0,188.0
S1,VEH006,1,Fresh,Colombo,3,31.709999999999997,33.4,5694.6,6840,24,16,46.0,86.0
S1,VEH006,2,Fresh,Gampaha,5,28.899,33.4,5015.700000000001,6840,37,36,77.0,150.0
S1,VEH007,1,Fresh,Kalutara,4,18.162,19.4,3346.6000000000004,3610,64,36,61.0,161.0
S1,VEH007,2,Fresh,Colombo,3,13.872,19.4,2522.8999999999996,3610,24,16,46.0,86.0
S1,VEH008,1,Fresh,Matara,1,2.3,22.0,464.4,3800,137,0,15.0,152.0
S1,VEH008,2,Tech,Kurunegala,1,3.72,22.0,1006.3,3800,127,0,43.0,170.0
S1,VEH009,1,Tech,Colombo,1,4.653,30.0,1566.3,5800,24,0,43.0,67.0
S1,VEH010,1,Fresh,Kalutara,2,2.963,34.0,512.1,6500,64,12,31.0,107.0
S1,VEH010,2,Fresh,Colombo,6,20.995,34.0,4138.599999999999,6500,24,40,92.0,156.0
S1,VEH011,1,Fresh,Kurunegala,1,2.349,38.0,433.8,7200,127,0,15.0,142.0
S1,VEH011,2,Fresh,Gampaha,1,3.378,38.0,664.3,7200,37,0,15.0,52.0
S1,VEH013,1,Fresh,Matara,1,2.23,30.0,461.0,5800,137,0,15.0,152.0
S1,VEH014,1,Fresh,Gampaha,2,8.956,38.0,1580.8,7200,37,9,30.0,76.0
S1,VEH014,2,Fresh,Gampaha,1,1.473,38.0,265.4,7200,37,0,15.0,52.0
S1,VEH015,1,Style,Matara,1,7.494,22.0,469.2,3800,137,0,46.0,183.0
S1,VEH015,2,Fresh,Puttalam,2,4.477,22.0,869.0,3800,173,24,30.0,227.0
S1,VEH017,1,Fresh,Kalutara,1,5.225,22.0,1020.6,3800,64,0,15.0,79.0
S1,VEH018,1,Fresh,Gampaha,1,2.759,22.0,545.4,3800,37,0,15.0,52.0
S1,VEH018,2,Tech,Matara,1,1.55,22.0,477.9,3800,137,0,43.0,180.0
S1,VEH019,1,Fresh,Gampaha,2,7.667,38.0,1409.2,7200,37,9,30.0,76.0
S1,VEH020,1,Fresh,Kurunegala,1,2.482,34.0,504.2,6500,127,0,15.0,142.0
S1,VEH020,2,Fresh,Kalutara,1,3.427,34.0,618.1,6500,64,0,16.0,80.0
S1,VEH023,1,Fresh,Galle,1,4.307,38.0,747.3,7200,103,0,15.0,118.0
S1,VEH025,1,Fresh,Kurunegala,1,2.598,22.0,505.3,3800,127,0,15.0,142.0
S1,VEH025,2,Style,Kurunegala,1,9.379,22.0,531.8,3800,127,0,46.0,173.0
S1,VEH027,1,Fresh,Galle,1,2.236,22.0,401.4,3800,103,0,16.0,119.0
S1,VEH028,1,Fresh,Colombo,5,14.447,24.0,2563.8,4200,24,32,77.0,133.0
S1,VEH030,1,Tech,Colombo,2,8.131,34.0,2591.8,6500,24,8,110.0,142.0
S1,VEH030,2,Fresh,Gampaha,1,2.831,34.0,554.1,6500,37,0,16.0,53.0
S1,VEH031,1,Style,Galle,1,7.858,38.0,516.7,7200,103,0,59.0,162.0
S1,VEH031,2,Fresh,Gampaha,1,3.502,38.0,610.7,7200,37,0,15.0,52.0
S1,VEH032,1,Fresh,Matara,1,3.425,24.0,678.1,4200,137,0,15.0,152.0
S1,VEH032,2,Style,Galle,1,11.822,24.0,799.0,4200,103,0,46.0,149.0
S1,VEH033,1,Fresh,Galle,3,7.379,38.0,1289.6,7200,103,18,47.0,168.0
S1,VEH033,2,Fresh,Kalutara,1,2.218,38.0,419.5,7200,64,0,15.0,79.0
S1,VEH034,1,Fresh,Kalutara,1,1.914,22.0,333.1,3800,64,0,15.0,79.0
S1,VEH034,2,Fresh,Kurunegala,2,4.127000000000001,22.0,808.6,3800,127,19,30.0,176.0
S1,VEH036,1,Fresh,Galle,2,5.129,7.0,965.2,1040,103,9,32.0,144.0
S1,VEH036,2,Fresh,Colombo,3,5.04,7.0,927.3000000000001,1040,24,16,48.0,88.0
S1,VEH037,1,Fresh,Colombo,1,0.5,8.0,97.8,1100,24,0,16.0,40.0
S1,VEH037,2,Fresh,Puttalam,1,2.38,8.0,402.3,1100,173,0,15.0,188.0
S1,VEH038,1,Fresh,Matara,1,3.388,9.0,561.5,1200,137,0,15.0,152.0
S1,VEH038,2,Fresh,Colombo,1,0.666,9.0,130.9,1200,24,0,16.0,40.0
