row_id,pred_total_volume_m3,pred_chilled_volume_m3
W0000,510.23806778,187.33206375
W0001,81.00212804,0.00000000
W0002,23.03184615,0.00000000
W0003,966.34821333,371.70172568
W0004,145.15879070,0.00000000
W0005,32.73166207,0.00000000
W0006,564.23808197,217.83157020
W0007,94.67187201,0.00000000
W0008,23.03184615,0.00000000
W0009,1107.39655117,464.38753189
W0010,182.32692862,0.00000000
W0011,35.78261690,0.00000000
W0012,460.06448115,156.10612324
W0013,71.80352138,0.00000000
W0014,23.03184615,0.00000000
W0015,825.34773394,249.06317697
W0016,125.61283181,0.00000000
W0017,21.33823750,0.00000000
W0018,514.54347809,188.19168126
W0019,82.19815923,0.00000000
W0020,23.03184615,0.00000000
W0021,984.28331693,367.38065282
W0022,151.40717196,0.00000000
W0023,37.00516060,0.00000000
W0024,516.47073396,186.70787814
W0025,81.97649672,0.00000000
W0026,23.03184615,0.00000000
W0027,979.02278162,371.60530890
W0028,136.51157355,0.00000000
W0029,17.62229942,0.00000000
W0030,489.52070190,181.18983348
W0031,76.71036815,0.00000000
W0032,23.03184615,0.00000000
W0033,916.14824864,338.24283939
W0034,132.53613728,0.00000000
W0035,24.16328401,0.00000000
W0036,490.91704642,181.19519018
W0037,77.03250372,0.00000000
W0038,23.03184615,0.00000000
W0039,917.21447679,339.14262861
W0040,130.31249993,0.00000000
W0041,23.63174743,0.00000000
W0042,493.65788268,184.07761082
W0043,77.55821910,0.00000000
W0044,23.03184615,0.00000000
W0045,926.71804100,344.60198377
W0046,134.26192645,0.00000000
W0047,25.41024691,0.00000000
W0048,525.47740190,201.13596715
W0049,81.30916576,0.00000000
W0050,23.03184615,0.00000000
W0051,1008.47463193,405.27101005
W0052,153.11120400,0.00000000
W0053,31.39153638,0.00000000
W0054,495.66611471,184.13777384
W0055,77.92584529,0.00000000
W0056,23.03184615,0.00000000
W0057,929.71222265,341.84100528
W0058,133.67018001,0.00000000
W0059,27.31198829,0.00000000
